graph_id,label
4,0
184,0
159,0
71,1
84,1
99,0
118,0
119,0
13,0
24,1
175,1
155,0
112,0
132,0
131,0
91,1
123,0
50,1
80,1
114,1
76,0
51,1
161,1
100,1
81,1
103,1
168,1
2,0
163,1
16,0
41,0
36,1
137,0
117,1
57,1
127,1
158,1
42,1
65,0
113,0
110,0
19,1
72,0
177,1
56,1
60,1
136,1
63,1
39,0
130,0
68,1
17,1
43,1
29,1
166,1
66,1
78,1
30,1
145,1
97,0
138,0
88,0
125,1
133,1
55,1
140,0
34,1
149,0
124,1
40,1
95,1
186,1
64,0
128,0
180,0
8,0
122,0
176,1
183,1
9,1
182,1
174,0
61,0
31,1
172,1
164,1
79,1
92,1
120,1
87,0
152,1
33,0
22,1
52,1
93,1
98,1
53,1
26,1
46,1
146,0
167,0
45,1
156,1
5,1
32,1
141,0
38,0
6,0
23,1
165,1
102,1
171,1
147,1
15,1
181,0
116,1
142,0
28,1
12,1
143,0
185,0
162,1
107,1
59,1
20,1
89,1
104,1
0,1
178,0
90,1
151,1
148,1
144,1
111,1
96,1
14,1
115,0
35,0
70,1
121,1
74,1
179,1
11,1
44,1
94,1
27,1
82,1
106,1
1,0
169,1
