source_node,target_node,graph_id,bond_type
0,1,0,0
0,5,0,0
1,0,0,0
1,2,0,0
2,1,0,0
2,3,0,0
3,2,0,0
3,4,0,0
3,9,0,0
4,3,0,0
4,5,0,0
4,6,0,0
5,0,0,0
5,4,0,0
6,4,0,0
6,7,0,0
7,6,0,0
7,8,0,0
8,7,0,0
8,9,0,0
8,13,0,0
9,3,0,0
9,8,0,0
9,10,0,0
10,9,0,0
10,11,0,0
11,10,0,0
11,12,0,0
12,11,0,0
12,13,0,0
12,14,0,1
13,8,0,0
13,12,0,0
14,12,0,1
14,15,0,2
14,16,0,1
15,14,0,2
16,14,0,1
17,18,1,0
17,26,1,0
18,17,1,0
18,19,1,0
19,18,1,0
19,20,1,0
19,24,1,0
20,19,1,0
20,21,1,0
21,20,1,0
21,22,1,0
22,21,1,0
22,23,1,0
23,22,1,0
23,24,1,0
24,19,1,0
24,23,1,0
24,25,1,0
25,24,1,0
25,26,1,0
25,27,1,1
26,17,1,0
26,25,1,0
27,25,1,1
27,28,1,2
27,29,1,1
28,27,1,2
29,27,1,1
30,31,2,0
30,39,2,0
31,30,2,0
31,32,2,0
32,31,2,0
32,33,2,0
32,37,2,0
33,32,2,0
33,34,2,0
33,38,2,0
34,33,2,0
34,35,2,0
35,34,2,0
35,36,2,0
36,35,2,0
36,37,2,0
37,32,2,0
37,36,2,0
38,33,2,0
38,39,2,0
38,40,2,1
39,30,2,0
39,38,2,0
40,38,2,1
40,41,2,2
40,42,2,1
41,40,2,2
42,40,2,1
62,63,4,0
62,67,4,0
63,62,4,0
63,64,4,0
64,63,4,0
64,65,4,0
64,72,4,1
65,64,4,0
65,66,4,0
65,69,4,1
66,65,4,0
66,67,4,0
67,62,4,0
67,66,4,0
67,68,4,1
68,67,4,1
69,65,4,1
69,70,4,2
69,71,4,1
70,69,4,2
71,69,4,1
72,64,4,1
73,74,5,0
73,82,5,0
74,73,5,0
74,75,5,0
75,74,5,0
75,76,5,0
75,80,5,0
76,75,5,0
76,77,5,0
76,98,5,1
77,76,5,0
77,78,5,0
78,77,5,0
78,79,5,0
78,95,5,1
79,78,5,0
79,80,5,0
79,88,5,0
80,75,5,0
80,79,5,0
80,81,5,0
81,80,5,0
81,82,5,0
81,86,5,0
82,73,5,0
82,81,5,0
82,83,5,0
83,82,5,0
83,84,5,0
83,92,5,1
84,83,5,0
84,85,5,0
85,84,5,0
85,86,5,0
85,89,5,1
86,81,5,0
86,85,5,0
86,87,5,0
87,86,5,0
87,88,5,0
88,79,5,0
88,87,5,0
89,85,5,1
89,90,5,2
89,91,5,1
90,89,5,2
91,89,5,1
92,83,5,1
92,93,5,2
92,94,5,1
93,92,5,2
94,92,5,1
95,78,5,1
95,96,5,2
95,97,5,1
96,95,5,2
97,95,5,1
98,76,5,1
98,99,5,2
98,100,5,1
99,98,5,2
100,98,5,1
101,102,6,1
102,101,6,1
102,103,6,0
102,107,6,0
103,102,6,0
103,104,6,0
104,103,6,0
104,105,6,0
104,111,6,1
105,104,6,0
105,106,6,0
106,105,6,0
106,107,6,0
107,102,6,0
107,106,6,0
107,108,6,1
108,107,6,1
108,109,6,2
108,110,6,1
109,108,6,2
110,108,6,1
111,104,6,1
111,112,6,0
111,116,6,0
112,111,6,0
112,113,6,0
113,112,6,0
113,114,6,0
114,113,6,0
114,115,6,0
115,114,6,0
115,116,6,0
116,111,6,0
116,115,6,0
137,138,8,2
137,145,8,1
138,137,8,2
138,139,8,1
139,138,8,1
139,140,8,2
139,143,8,1
140,139,8,2
140,141,8,1
141,140,8,1
141,142,8,2
142,141,8,2
142,143,8,1
143,139,8,1
143,142,8,1
143,144,8,1
144,143,8,1
144,145,8,2
145,137,8,1
145,144,8,2
145,146,8,1
146,145,8,1
146,147,8,2
146,148,8,1
147,146,8,2
148,146,8,1
149,150,9,1
150,149,9,1
150,151,9,0
150,155,9,0
151,150,9,0
151,152,9,0
152,151,9,0
152,153,9,0
153,152,9,0
153,154,9,0
153,158,9,1
154,153,9,0
154,155,9,0
154,156,9,1
155,150,9,0
155,154,9,0
156,154,9,1
156,157,9,1
157,156,9,1
157,158,9,0
157,162,9,0
158,153,9,1
158,157,9,0
158,159,9,0
159,158,9,0
159,160,9,0
160,159,9,0
160,161,9,0
161,160,9,0
161,162,9,0
161,163,9,1
162,157,9,0
162,161,9,0
163,161,9,1
163,164,9,2
163,165,9,1
164,163,9,2
165,163,9,1
183,184,11,0
183,192,11,0
184,183,11,0
184,185,11,0
185,184,11,0
185,186,11,0
185,190,11,0
186,185,11,0
186,187,11,0
187,186,11,0
187,188,11,0
188,187,11,0
188,189,11,0
188,200,11,1
189,188,11,0
189,190,11,0
189,198,11,0
190,185,11,0
190,189,11,0
190,191,11,0
191,190,11,0
191,192,11,0
191,196,11,0
192,183,11,0
192,191,11,0
192,193,11,0
193,192,11,0
193,194,11,0
194,193,11,0
194,195,11,0
195,194,11,0
195,196,11,0
195,199,11,1
196,191,11,0
196,195,11,0
196,197,11,0
197,196,11,0
197,198,11,0
198,189,11,0
198,197,11,0
199,195,11,1
200,188,11,1
200,201,11,2
200,202,11,1
201,200,11,2
202,200,11,1
203,204,12,0
203,208,12,0
204,203,12,0
204,205,12,0
205,204,12,0
205,206,12,0
206,205,12,0
206,207,12,0
206,215,12,1
207,206,12,0
207,208,12,0
207,209,12,1
208,203,12,0
208,207,12,0
209,207,12,1
209,210,12,0
209,214,12,0
210,209,12,0
210,211,12,0
211,210,12,0
211,212,12,0
212,211,12,0
212,213,12,0
212,222,12,1
213,212,12,0
213,214,12,0
213,218,12,0
214,209,12,0
214,213,12,0
214,215,12,0
215,206,12,1
215,214,12,0
215,216,12,0
216,215,12,0
216,217,12,0
217,216,12,0
217,218,12,0
217,219,12,1
218,213,12,0
218,217,12,0
219,217,12,1
219,220,12,2
219,221,12,1
220,219,12,2
221,219,12,1
222,212,12,1
222,223,12,2
222,224,12,1
223,222,12,2
224,222,12,1
225,226,13,1
226,225,13,1
226,227,13,2
226,234,13,1
227,226,13,2
227,228,13,1
227,232,13,1
228,227,13,1
228,229,13,2
229,228,13,2
229,230,13,1
229,235,13,1
230,229,13,1
230,231,13,2
231,230,13,2
231,232,13,1
232,227,13,1
232,231,13,1
232,233,13,1
233,232,13,1
233,234,13,2
234,226,13,1
234,233,13,2
235,229,13,1
235,236,13,2
235,237,13,1
236,235,13,2
237,235,13,1
238,239,14,0
238,251,14,0
239,238,14,0
239,240,14,0
240,239,14,0
240,241,14,0
240,249,14,0
241,240,14,0
241,242,14,0
242,241,14,0
242,243,14,0
243,242,14,0
243,244,14,0
243,248,14,0
244,243,14,0
244,245,14,0
245,244,14,0
245,246,14,0
246,245,14,0
246,247,14,0
246,254,14,1
247,246,14,0
247,248,14,0
247,253,14,0
248,243,14,0
248,247,14,0
248,249,14,0
249,240,14,0
249,248,14,0
249,250,14,0
250,249,14,0
250,251,14,0
250,252,14,0
251,238,14,0
251,250,14,0
252,250,14,0
252,253,14,0
253,247,14,0
253,252,14,0
254,246,14,1
254,255,14,2
254,256,14,1
255,254,14,2
256,254,14,1
257,258,15,0
257,262,15,0
258,257,15,0
258,259,15,0
259,258,15,0
259,260,15,0
260,259,15,0
260,261,15,0
260,269,15,1
261,260,15,0
261,262,15,0
261,263,15,1
262,257,15,0
262,261,15,0
263,261,15,1
263,264,15,0
263,268,15,0
264,263,15,0
264,265,15,0
265,264,15,0
265,266,15,0
266,265,15,0
266,267,15,0
266,276,15,1
267,266,15,0
267,268,15,0
267,272,15,0
268,263,15,0
268,267,15,0
268,269,15,0
269,260,15,1
269,268,15,0
269,270,15,0
270,269,15,0
270,271,15,0
271,270,15,0
271,272,15,0
272,267,15,0
272,271,15,0
272,273,15,1
273,272,15,1
273,274,15,2
273,275,15,1
274,273,15,2
275,273,15,1
276,266,15,1
276,277,15,2
276,278,15,1
277,276,15,2
278,276,15,1
279,280,16,0
279,284,16,0
280,279,16,0
280,281,16,0
281,280,16,0
281,282,16,0
281,289,16,1
282,281,16,0
282,283,16,0
282,286,16,1
283,282,16,0
283,284,16,0
283,285,16,1
284,279,16,0
284,283,16,0
285,283,16,1
286,282,16,1
286,287,16,2
286,288,16,1
287,286,16,2
288,286,16,1
289,281,16,1
290,291,17,0
290,295,17,0
291,290,17,0
291,292,17,0
292,291,17,0
292,293,17,0
293,292,17,0
293,294,17,0
293,302,17,1
294,293,17,0
294,295,17,0
294,296,17,1
295,290,17,0
295,294,17,0
296,294,17,1
296,297,17,0
296,301,17,0
297,296,17,0
297,298,17,0
298,297,17,0
298,299,17,0
298,304,17,1
299,298,17,0
299,300,17,0
300,299,17,0
300,301,17,0
301,296,17,0
301,300,17,0
301,302,17,1
302,293,17,1
302,301,17,1
302,303,17,2
303,302,17,2
304,298,17,1
304,305,17,2
304,306,17,1
305,304,17,2
306,304,17,1
320,321,19,0
320,325,19,0
321,320,19,0
321,322,19,0
322,321,19,0
322,323,19,0
322,330,19,1
323,322,19,0
323,324,19,0
323,328,19,1
324,323,19,0
324,325,19,0
325,320,19,0
325,324,19,0
325,326,19,1
326,325,19,1
326,327,19,3
327,326,19,3
328,323,19,1
328,329,19,1
329,328,19,1
329,330,19,0
329,334,19,0
330,322,19,1
330,329,19,0
330,331,19,0
331,330,19,0
331,332,19,0
332,331,19,0
332,333,19,0
333,332,19,0
333,334,19,0
333,335,19,1
334,329,19,0
334,333,19,0
335,333,19,1
335,336,19,2
335,337,19,1
336,335,19,2
337,335,19,1
338,339,20,0
338,343,20,0
339,338,20,0
339,340,20,0
340,339,20,0
340,341,20,0
340,347,20,1
341,340,20,0
341,342,20,0
342,341,20,0
342,343,20,0
342,344,20,1
343,338,20,0
343,342,20,0
344,342,20,1
344,345,20,2
344,346,20,1
345,344,20,2
346,344,20,1
347,340,20,1
347,348,20,0
347,352,20,0
348,347,20,0
348,349,20,0
349,348,20,0
349,350,20,0
350,349,20,0
350,351,20,0
350,353,20,1
351,350,20,0
351,352,20,0
352,347,20,0
352,351,20,0
353,350,20,1
353,354,20,2
353,355,20,1
354,353,20,2
355,353,20,1
373,374,22,0
373,378,22,0
374,373,22,0
374,375,22,0
375,374,22,0
375,376,22,0
376,375,22,0
376,377,22,0
376,382,22,0
377,376,22,0
377,378,22,0
377,379,22,0
378,373,22,0
378,377,22,0
379,377,22,0
379,380,22,0
380,379,22,0
380,381,22,0
381,380,22,0
381,382,22,0
381,390,22,0
382,376,22,0
382,381,22,0
382,383,22,0
383,382,22,0
383,384,22,0
384,383,22,0
384,385,22,0
384,389,22,0
385,384,22,0
385,386,22,0
386,385,22,0
386,387,22,0
387,386,22,0
387,388,22,0
388,387,22,0
388,389,22,0
388,392,22,1
389,384,22,0
389,388,22,0
389,390,22,0
390,381,22,0
390,389,22,0
390,391,22,1
391,390,22,1
391,392,22,2
392,388,22,1
392,391,22,2
392,393,22,1
393,392,22,1
393,394,22,2
393,395,22,1
394,393,22,2
395,393,22,1
396,397,23,0
396,413,23,0
397,396,23,0
397,398,23,0
398,397,23,0
398,399,23,0
398,415,23,0
399,398,23,0
399,400,23,0
400,399,23,0
400,401,23,0
401,400,23,0
401,402,23,0
401,416,23,0
402,401,23,0
402,403,23,0
403,402,23,0
403,404,23,0
404,403,23,0
404,405,23,0
404,417,23,0
405,404,23,0
405,406,23,0
405,420,23,1
406,405,23,0
406,407,23,0
407,406,23,0
407,408,23,0
407,418,23,0
408,407,23,0
408,409,23,0
409,408,23,0
409,410,23,0
410,409,23,0
410,411,23,0
410,419,23,0
411,410,23,0
411,412,23,0
412,411,23,0
412,413,23,0
413,396,23,0
413,412,23,0
413,414,23,0
414,413,23,0
414,415,23,0
414,419,23,0
415,398,23,0
415,414,23,0
415,416,23,0
416,401,23,0
416,415,23,0
416,417,23,0
417,404,23,0
417,416,23,0
417,418,23,0
418,407,23,0
418,417,23,0
418,419,23,0
419,410,23,0
419,414,23,0
419,418,23,0
420,405,23,1
420,421,23,2
420,422,23,1
421,420,23,2
422,420,23,1
423,424,24,0
423,428,24,0
424,423,24,0
424,425,24,0
425,424,24,0
425,426,24,0
425,434,24,1
426,425,24,0
426,427,24,0
426,432,24,1
427,426,24,0
427,428,24,0
428,423,24,0
428,427,24,0
428,429,24,1
429,428,24,1
429,430,24,2
429,431,24,1
430,429,24,2
431,429,24,1
432,426,24,1
432,433,24,1
433,432,24,1
433,434,24,0
433,438,24,0
434,425,24,1
434,433,24,0
434,435,24,0
435,434,24,0
435,436,24,0
436,435,24,0
436,437,24,0
437,436,24,0
437,438,24,0
437,439,24,1
438,433,24,0
438,437,24,0
439,437,24,1
453,454,26,0
453,458,26,0
454,453,26,0
454,455,26,0
455,454,26,0
455,456,26,0
456,455,26,0
456,457,26,0
456,470,26,0
457,456,26,0
457,458,26,0
457,459,26,0
458,453,26,0
458,457,26,0
459,457,26,0
459,460,26,0
460,459,26,0
460,461,26,0
460,469,26,0
461,460,26,0
461,462,26,0
462,461,26,0
462,463,26,0
463,462,26,0
463,464,26,0
463,468,26,0
464,463,26,0
464,465,26,0
465,464,26,0
465,466,26,0
466,465,26,0
466,467,26,0
466,473,26,1
467,466,26,0
467,468,26,0
467,472,26,0
468,463,26,0
468,467,26,0
468,469,26,0
469,460,26,0
469,468,26,0
469,470,26,0
470,456,26,0
470,469,26,0
470,471,26,0
471,470,26,0
471,472,26,0
472,467,26,0
472,471,26,0
473,466,26,1
473,474,26,2
473,475,26,1
474,473,26,2
475,473,26,1
476,477,27,0
476,481,27,0
477,476,27,0
477,478,27,0
478,477,27,0
478,479,27,0
478,487,27,1
479,478,27,0
479,480,27,0
479,485,27,1
480,479,27,0
480,481,27,0
481,476,27,0
481,480,27,0
481,482,27,1
482,481,27,1
482,483,27,2
482,484,27,1
483,482,27,2
484,482,27,1
485,479,27,1
485,486,27,1
486,485,27,1
486,487,27,0
486,491,27,0
487,478,27,1
487,486,27,0
487,488,27,0
488,487,27,0
488,489,27,0
489,488,27,0
489,490,27,0
490,489,27,0
490,491,27,0
490,492,27,1
491,486,27,0
491,490,27,0
492,490,27,1
493,494,28,0
493,498,28,0
494,493,28,0
494,495,28,0
495,494,28,0
495,496,28,0
495,505,28,1
496,495,28,0
496,497,28,0
496,502,28,1
497,496,28,0
497,498,28,0
498,493,28,0
498,497,28,0
498,499,28,1
499,498,28,1
499,500,28,2
499,501,28,1
500,499,28,2
501,499,28,1
502,496,28,1
502,503,28,2
502,504,28,1
503,502,28,2
504,502,28,1
504,505,28,0
504,509,28,0
505,495,28,1
505,504,28,0
505,506,28,0
506,505,28,0
506,507,28,0
506,513,28,1
507,506,28,0
507,508,28,0
508,507,28,0
508,509,28,0
508,510,28,1
509,504,28,0
509,508,28,0
510,508,28,1
510,511,28,2
510,512,28,1
511,510,28,2
512,510,28,1
513,506,28,1
513,514,28,2
513,515,28,1
514,513,28,2
515,513,28,1
516,517,29,0
516,533,29,0
517,516,29,0
517,518,29,0
518,517,29,0
518,519,29,0
519,518,29,0
519,520,29,0
519,532,29,0
520,519,29,0
520,521,29,0
521,520,29,0
521,522,29,0
521,530,29,0
522,521,29,0
522,523,29,0
522,527,29,0
523,522,29,0
523,524,29,0
524,523,29,0
524,525,29,0
525,524,29,0
525,526,29,0
526,525,29,0
526,527,29,0
526,535,29,1
527,522,29,0
527,526,29,0
527,528,29,0
528,527,29,0
528,529,29,0
528,534,29,1
529,528,29,0
529,530,29,0
530,521,29,0
530,529,29,0
530,531,29,0
531,530,29,0
531,532,29,0
532,519,29,0
532,531,29,0
532,533,29,0
533,516,29,0
533,532,29,0
534,528,29,1
534,535,29,2
535,526,29,1
535,534,29,2
535,536,29,1
536,535,29,1
536,537,29,2
536,538,29,1
537,536,29,2
538,536,29,1
539,540,30,0
539,544,30,0
540,539,30,0
540,541,30,0
541,540,30,0
541,542,30,0
542,541,30,0
542,543,30,0
542,551,30,1
543,542,30,0
543,544,30,0
543,545,30,1
544,539,30,0
544,543,30,0
545,543,30,1
545,546,30,0
545,550,30,0
546,545,30,0
546,547,30,0
547,546,30,0
547,548,30,0
548,547,30,0
548,549,30,0
549,548,30,0
549,550,30,0
549,554,30,0
550,545,30,0
550,549,30,0
550,551,30,0
551,542,30,1
551,550,30,0
551,552,30,0
552,551,30,0
552,553,30,0
552,558,30,1
553,552,30,0
553,554,30,0
553,555,30,1
554,549,30,0
554,553,30,0
555,553,30,1
555,556,30,2
555,557,30,1
556,555,30,2
557,555,30,1
558,552,30,1
558,559,30,2
558,560,30,1
559,558,30,2
560,558,30,1
561,562,31,0
561,566,31,0
562,561,31,0
562,563,31,0
563,562,31,0
563,564,31,0
563,582,31,1
564,563,31,0
564,565,31,0
564,579,31,1
565,564,31,0
565,566,31,0
566,561,31,0
566,565,31,0
566,567,31,1
567,566,31,1
567,568,31,0
567,572,31,0
568,567,31,0
568,569,31,0
569,568,31,0
569,570,31,0
570,569,31,0
570,571,31,0
570,576,31,1
571,570,31,0
571,572,31,0
572,567,31,0
572,571,31,0
572,573,31,1
573,572,31,1
573,574,31,2
573,575,31,1
574,573,31,2
575,573,31,1
576,570,31,1
576,577,31,2
576,578,31,1
577,576,31,2
578,576,31,1
579,564,31,1
579,580,31,2
579,581,31,1
580,579,31,2
581,579,31,1
582,563,31,1
582,583,31,2
582,584,31,1
583,582,31,2
584,582,31,1
585,586,32,0
585,590,32,0
586,585,32,0
586,587,32,0
587,586,32,0
587,588,32,0
587,600,32,1
588,587,32,0
588,589,32,0
588,598,32,1
589,588,32,0
589,590,32,0
590,585,32,0
590,589,32,0
590,591,32,1
591,590,32,1
591,592,32,1
592,591,32,1
592,593,32,2
592,594,32,1
593,592,32,2
594,592,32,1
594,595,32,1
594,596,32,1
594,597,32,1
595,594,32,1
596,594,32,1
597,594,32,1
598,588,32,1
598,599,32,1
599,598,32,1
599,600,32,0
599,604,32,0
600,587,32,1
600,599,32,0
600,601,32,0
601,600,32,0
601,602,32,0
602,601,32,0
602,603,32,0
603,602,32,0
603,604,32,0
603,605,32,1
604,599,32,0
604,603,32,0
605,603,32,1
605,606,32,2
605,607,32,1
606,605,32,2
607,605,32,1
608,609,33,0
608,617,33,0
609,608,33,0
609,610,33,0
610,609,33,0
610,611,33,0
611,610,33,0
611,612,33,0
611,616,33,0
612,611,33,0
612,613,33,0
613,612,33,0
613,614,33,0
613,618,33,1
614,613,33,0
614,615,33,0
615,614,33,0
615,616,33,0
616,611,33,0
616,615,33,0
616,617,33,0
617,608,33,0
617,616,33,0
618,613,33,1
618,619,33,2
618,620,33,1
619,618,33,2
620,618,33,1
621,622,34,0
621,626,34,0
622,621,34,0
622,623,34,0
623,622,34,0
623,624,34,0
623,630,34,1
624,623,34,0
624,625,34,0
624,628,34,1
625,624,34,0
625,626,34,0
626,621,34,0
626,625,34,0
626,627,34,1
627,626,34,1
628,624,34,1
628,629,34,1
629,628,34,1
629,630,34,0
629,634,34,0
630,623,34,1
630,629,34,0
630,631,34,0
631,630,34,0
631,632,34,0
632,631,34,0
632,633,34,0
633,632,34,0
633,634,34,0
633,635,34,1
634,629,34,0
634,633,34,0
635,633,34,1
635,636,34,2
635,637,34,1
636,635,34,2
637,635,34,1
638,639,35,1
639,638,35,1
639,640,35,0
639,648,35,0
640,639,35,0
640,641,35,0
641,640,35,0
641,642,35,0
641,646,35,0
642,641,35,0
642,643,35,0
643,642,35,0
643,644,35,0
644,643,35,0
644,645,35,0
645,644,35,0
645,646,35,0
646,641,35,0
646,645,35,0
646,647,35,0
647,646,35,0
647,648,35,0
648,639,35,0
648,647,35,0
648,649,35,1
649,648,35,1
649,650,35,2
649,651,35,1
650,649,35,2
651,649,35,1
652,653,36,0
652,657,36,0
653,652,36,0
653,654,36,0
654,653,36,0
654,655,36,0
655,654,36,0
655,656,36,0
655,658,36,1
656,655,36,0
656,657,36,0
657,652,36,0
657,656,36,0
658,655,36,1
658,659,36,2
659,658,36,2
659,660,36,1
660,659,36,1
660,661,36,0
660,665,36,0
661,660,36,0
661,662,36,0
662,661,36,0
662,663,36,0
663,662,36,0
663,664,36,0
663,666,36,1
664,663,36,0
664,665,36,0
665,660,36,0
665,664,36,0
666,663,36,1
666,667,36,2
666,668,36,1
667,666,36,2
668,666,36,1
684,685,38,1
685,684,38,1
685,686,38,1
686,685,38,1
686,687,38,0
686,695,38,0
687,686,38,0
687,688,38,0
688,687,38,0
688,689,38,0
688,693,38,0
689,688,38,0
689,690,38,0
690,689,38,0
690,691,38,0
691,690,38,0
691,692,38,0
692,691,38,0
692,693,38,0
693,688,38,0
693,692,38,0
693,694,38,0
694,693,38,0
694,695,38,0
694,696,38,1
695,686,38,0
695,694,38,0
696,694,38,1
696,697,38,2
696,698,38,1
697,696,38,2
698,696,38,1
699,700,39,0
699,704,39,0
700,699,39,0
700,701,39,0
701,700,39,0
701,702,39,0
702,701,39,0
702,703,39,0
702,708,39,0
703,702,39,0
703,704,39,0
703,705,39,0
704,699,39,0
704,703,39,0
705,703,39,0
705,706,39,0
706,705,39,0
706,707,39,0
707,706,39,0
707,708,39,0
708,702,39,0
708,707,39,0
708,709,39,1
709,708,39,1
709,710,39,2
709,711,39,1
710,709,39,2
711,709,39,1
712,713,40,0
712,717,40,0
713,712,40,0
713,714,40,0
714,713,40,0
714,715,40,0
714,723,40,1
715,714,40,0
715,716,40,0
715,721,40,1
716,715,40,0
716,717,40,0
717,712,40,0
717,716,40,0
717,718,40,1
718,717,40,1
718,719,40,2
718,720,40,1
719,718,40,2
720,718,40,1
721,715,40,1
721,722,40,1
722,721,40,1
722,723,40,0
722,727,40,0
723,714,40,1
723,722,40,0
723,724,40,0
724,723,40,0
724,725,40,0
725,724,40,0
725,726,40,0
726,725,40,0
726,727,40,0
726,728,40,1
727,722,40,0
727,726,40,0
728,726,40,1
729,730,41,1
730,729,41,1
730,731,41,2
730,738,41,1
731,730,41,2
731,732,41,1
732,731,41,1
732,733,41,1
732,737,41,1
733,732,41,1
733,734,41,2
734,733,41,2
734,735,41,1
734,739,41,1
735,734,41,1
735,736,41,2
736,735,41,2
736,737,41,1
737,732,41,1
737,736,41,1
737,738,41,2
738,730,41,1
738,737,41,2
739,734,41,1
739,740,41,2
739,741,41,1
740,739,41,2
741,739,41,1
742,743,42,0
742,747,42,0
743,742,42,0
743,744,42,0
744,743,42,0
744,745,42,0
745,744,42,0
745,746,42,0
745,754,42,1
746,745,42,0
746,747,42,0
746,748,42,1
747,742,42,0
747,746,42,0
748,746,42,1
748,749,42,0
748,753,42,0
749,748,42,0
749,750,42,0
750,749,42,0
750,751,42,0
751,750,42,0
751,752,42,0
752,751,42,0
752,753,42,0
752,757,42,0
753,748,42,0
753,752,42,0
753,754,42,0
754,745,42,1
754,753,42,0
754,755,42,0
755,754,42,0
755,756,42,0
756,755,42,0
756,757,42,0
756,758,42,1
757,752,42,0
757,756,42,0
758,756,42,1
758,759,42,2
758,760,42,1
759,758,42,2
760,758,42,1
761,762,43,0
761,766,43,0
762,761,43,0
762,763,43,0
763,762,43,0
763,764,43,0
764,763,43,0
764,765,43,0
764,770,43,1
765,764,43,0
765,766,43,0
765,767,43,1
766,761,43,0
766,765,43,0
767,765,43,1
767,768,43,1
768,767,43,1
768,769,43,1
769,768,43,1
769,770,43,0
769,774,43,0
770,764,43,1
770,769,43,0
770,771,43,0
771,770,43,0
771,772,43,0
772,771,43,0
772,773,43,0
773,772,43,0
773,774,43,0
773,775,43,1
774,769,43,0
774,773,43,0
775,773,43,1
775,776,43,2
775,777,43,1
776,775,43,2
777,775,43,1
778,779,44,0
778,783,44,0
779,778,44,0
779,780,44,0
780,779,44,0
780,781,44,0
780,787,44,1
781,780,44,0
781,782,44,0
782,781,44,0
782,783,44,0
783,778,44,0
783,782,44,0
783,784,44,1
784,783,44,1
784,785,44,2
784,786,44,1
785,784,44,2
786,784,44,1
787,780,44,1
787,788,44,2
787,789,44,1
788,787,44,2
789,787,44,1
790,791,45,0
790,799,45,0
791,790,45,0
791,792,45,0
792,791,45,0
792,793,45,0
792,797,45,0
793,792,45,0
793,794,45,0
794,793,45,0
794,795,45,0
794,812,45,1
795,794,45,0
795,796,45,0
795,809,45,1
796,795,45,0
796,797,45,0
796,805,45,0
797,792,45,0
797,796,45,0
797,798,45,0
798,797,45,0
798,799,45,0
798,803,45,0
799,790,45,0
799,798,45,0
799,800,45,0
800,799,45,0
800,801,45,0
801,800,45,0
801,802,45,0
802,801,45,0
802,803,45,0
802,806,45,1
803,798,45,0
803,802,45,0
803,804,45,0
804,803,45,0
804,805,45,0
805,796,45,0
805,804,45,0
806,802,45,1
806,807,45,2
806,808,45,1
807,806,45,2
808,806,45,1
809,795,45,1
809,810,45,1
810,809,45,1
810,811,45,1
811,810,45,1
811,812,45,1
812,794,45,1
812,811,45,1
813,814,46,0
813,818,46,0
814,813,46,0
814,815,46,0
814,832,46,1
815,814,46,0
815,816,46,0
816,815,46,0
816,817,46,0
816,831,46,1
817,816,46,0
817,818,46,0
817,822,46,1
818,813,46,0
818,817,46,0
818,819,46,1
819,818,46,1
819,820,46,1
820,819,46,1
820,821,46,1
821,820,46,1
821,822,46,0
821,826,46,0
822,817,46,1
822,821,46,0
822,823,46,0
823,822,46,0
823,824,46,0
823,830,46,1
824,823,46,0
824,825,46,0
825,824,46,0
825,826,46,0
825,827,46,1
826,821,46,0
826,825,46,0
827,825,46,1
827,828,46,2
827,829,46,1
828,827,46,2
829,827,46,1
830,823,46,1
830,831,46,1
831,816,46,1
831,830,46,1
832,814,46,1
832,833,46,2
832,834,46,1
833,832,46,2
834,832,46,1
888,889,50,0
888,897,50,0
889,888,50,0
889,890,50,0
890,889,50,0
890,891,50,0
890,895,50,0
891,890,50,0
891,892,50,0
891,911,50,1
892,891,50,0
892,893,50,0
893,892,50,0
893,894,50,0
894,893,50,0
894,895,50,0
894,903,50,0
895,890,50,0
895,894,50,0
895,896,50,0
896,895,50,0
896,897,50,0
896,901,50,0
897,888,50,0
897,896,50,0
897,898,50,0
898,897,50,0
898,899,50,0
899,898,50,0
899,900,50,0
900,899,50,0
900,901,50,0
900,908,50,1
901,896,50,0
901,900,50,0
901,902,50,0
902,901,50,0
902,903,50,0
902,907,50,1
903,894,50,0
903,902,50,0
903,904,50,1
904,903,50,1
904,905,50,1
905,904,50,1
905,906,50,1
906,905,50,1
906,907,50,1
907,902,50,1
907,906,50,1
908,900,50,1
908,909,50,2
908,910,50,1
909,908,50,2
910,908,50,1
911,891,50,1
911,912,50,2
911,913,50,1
912,911,50,2
913,911,50,1
914,915,51,0
914,927,51,0
915,914,51,0
915,916,51,0
916,915,51,0
916,917,51,0
916,925,51,0
917,916,51,0
917,918,51,0
918,917,51,0
918,919,51,0
919,918,51,0
919,920,51,0
919,924,51,0
920,919,51,0
920,921,51,0
920,937,51,1
921,920,51,0
921,922,51,0
922,921,51,0
922,923,51,0
922,934,51,1
923,922,51,0
923,924,51,0
923,929,51,0
924,919,51,0
924,923,51,0
924,925,51,0
925,916,51,0
925,924,51,0
925,926,51,0
926,925,51,0
926,927,51,0
926,928,51,0
927,914,51,0
927,926,51,0
928,926,51,0
928,929,51,0
928,933,51,1
929,923,51,0
929,928,51,0
929,930,51,1
930,929,51,1
930,931,51,1
931,930,51,1
931,932,51,1
932,931,51,1
932,933,51,1
933,928,51,1
933,932,51,1
934,922,51,1
934,935,51,2
934,936,51,1
935,934,51,2
936,934,51,1
937,920,51,1
937,938,51,2
937,939,51,1
938,937,51,2
939,937,51,1
940,941,52,0
940,945,52,0
941,940,52,0
941,942,52,0
942,941,52,0
942,943,52,0
942,951,52,1
943,942,52,0
943,944,52,0
943,949,52,1
944,943,52,0
944,945,52,0
945,940,52,0
945,944,52,0
945,946,52,1
946,945,52,1
946,947,52,2
946,948,52,1
947,946,52,2
948,946,52,1
949,943,52,1
949,950,52,1
950,949,52,1
950,951,52,0
950,955,52,0
951,942,52,1
951,950,52,0
951,952,52,0
952,951,52,0
952,953,52,0
953,952,52,0
953,954,52,0
954,953,52,0
954,955,52,0
954,956,52,1
955,950,52,0
955,954,52,0
956,954,52,1
956,957,52,2
956,958,52,1
957,956,52,2
958,956,52,1
959,960,53,0
959,964,53,0
960,959,53,0
960,961,53,0
961,960,53,0
961,962,53,0
961,975,53,1
962,961,53,0
962,963,53,0
962,968,53,1
963,962,53,0
963,964,53,0
964,959,53,0
964,963,53,0
964,965,53,1
965,964,53,1
965,966,53,2
965,967,53,1
966,965,53,2
967,965,53,1
968,962,53,1
968,969,53,1
969,968,53,1
969,970,53,0
969,974,53,0
970,969,53,0
970,971,53,0
971,970,53,0
971,972,53,0
971,977,53,1
972,971,53,0
972,973,53,0
972,976,53,1
973,972,53,0
973,974,53,0
974,969,53,0
974,973,53,0
974,975,53,1
975,961,53,1
975,974,53,1
976,972,53,1
977,971,53,1
992,993,55,0
992,997,55,0
993,992,55,0
993,994,55,0
994,993,55,0
994,995,55,0
995,994,55,0
995,996,55,0
995,1005,55,0
996,995,55,0
996,997,55,0
996,998,55,0
997,992,55,0
997,996,55,0
998,996,55,0
998,999,55,0
999,998,55,0
999,1000,55,0
999,1004,55,0
1000,999,55,0
1000,1001,55,0
1001,1000,55,0
1001,1002,55,0
1002,1001,55,0
1002,1003,55,0
1002,1006,55,1
1003,1002,55,0
1003,1004,55,0
1004,999,55,0
1004,1003,55,0
1004,1005,55,0
1005,995,55,0
1005,1004,55,0
1006,1002,55,1
1006,1007,55,2
1006,1008,55,1
1007,1006,55,2
1008,1006,55,1
1009,1010,56,0
1009,1014,56,0
1010,1009,56,0
1010,1011,56,0
1011,1010,56,0
1011,1012,56,0
1011,1027,56,1
1012,1011,56,0
1012,1013,56,0
1013,1012,56,0
1013,1014,56,0
1014,1009,56,0
1014,1013,56,0
1014,1015,56,1
1015,1014,56,1
1015,1016,56,0
1015,1020,56,0
1016,1015,56,0
1016,1017,56,0
1017,1016,56,0
1017,1018,56,0
1018,1017,56,0
1018,1019,56,0
1018,1024,56,1
1019,1018,56,0
1019,1020,56,0
1020,1015,56,0
1020,1019,56,0
1020,1021,56,1
1021,1020,56,1
1021,1022,56,2
1021,1023,56,1
1022,1021,56,2
1023,1021,56,1
1024,1018,56,1
1024,1025,56,2
1024,1026,56,1
1025,1024,56,2
1026,1024,56,1
1027,1011,56,1
1027,1028,56,2
1027,1029,56,1
1028,1027,56,2
1029,1027,56,1
1030,1031,57,0
1030,1039,57,0
1031,1030,57,0
1031,1032,57,0
1032,1031,57,0
1032,1033,57,0
1032,1048,57,0
1033,1032,57,0
1033,1034,57,0
1033,1038,57,0
1034,1033,57,0
1034,1035,57,0
1034,1046,57,0
1035,1034,57,0
1035,1036,57,0
1036,1035,57,0
1036,1037,57,0
1037,1036,57,0
1037,1038,57,0
1037,1042,57,0
1038,1033,57,0
1038,1037,57,0
1038,1039,57,0
1039,1030,57,0
1039,1038,57,0
1039,1040,57,0
1040,1039,57,0
1040,1041,57,0
1041,1040,57,0
1041,1042,57,0
1042,1037,57,0
1042,1041,57,0
1042,1043,57,1
1043,1042,57,1
1043,1044,57,2
1043,1045,57,1
1044,1043,57,2
1045,1043,57,1
1046,1034,57,0
1046,1047,57,0
1047,1046,57,0
1047,1048,57,0
1047,1052,57,1
1048,1032,57,0
1048,1047,57,0
1048,1049,57,1
1049,1048,57,1
1049,1050,57,1
1049,1054,57,1
1050,1049,57,1
1050,1051,57,1
1050,1053,57,1
1051,1050,57,1
1051,1052,57,2
1052,1047,57,1
1052,1051,57,2
1053,1050,57,1
1054,1049,57,1
1078,1079,59,0
1078,1087,59,0
1079,1078,59,0
1079,1080,59,0
1080,1079,59,0
1080,1081,59,0
1080,1085,59,0
1081,1080,59,0
1081,1082,59,0
1082,1081,59,0
1082,1083,59,0
1082,1094,59,1
1083,1082,59,0
1083,1084,59,0
1084,1083,59,0
1084,1085,59,0
1084,1091,59,1
1085,1080,59,0
1085,1084,59,0
1085,1086,59,0
1086,1085,59,0
1086,1087,59,0
1086,1088,59,1
1087,1078,59,0
1087,1086,59,0
1088,1086,59,1
1088,1089,59,2
1088,1090,59,1
1089,1088,59,2
1090,1088,59,1
1091,1084,59,1
1091,1092,59,2
1091,1093,59,1
1092,1091,59,2
1093,1091,59,1
1094,1082,59,1
1094,1095,59,2
1094,1096,59,1
1095,1094,59,2
1096,1094,59,1
1097,1098,60,0
1097,1102,60,0
1098,1097,60,0
1098,1099,60,0
1099,1098,60,0
1099,1100,60,0
1099,1108,60,1
1100,1099,60,0
1100,1101,60,0
1100,1106,60,1
1101,1100,60,0
1101,1102,60,0
1102,1097,60,0
1102,1101,60,0
1102,1103,60,1
1103,1102,60,1
1103,1104,60,2
1103,1105,60,1
1104,1103,60,2
1105,1103,60,1
1106,1100,60,1
1106,1107,60,1
1107,1106,60,1
1107,1108,60,0
1107,1112,60,0
1108,1099,60,1
1108,1107,60,0
1108,1109,60,0
1109,1108,60,0
1109,1110,60,0
1110,1109,60,0
1110,1111,60,0
1111,1110,60,0
1111,1112,60,0
1111,1113,60,1
1112,1107,60,0
1112,1111,60,0
1113,1111,60,1
1114,1115,61,0
1114,1119,61,0
1115,1114,61,0
1115,1116,61,0
1116,1115,61,0
1116,1117,61,0
1116,1124,61,1
1117,1116,61,0
1117,1118,61,0
1117,1123,61,1
1118,1117,61,0
1118,1119,61,0
1119,1114,61,0
1119,1118,61,0
1119,1120,61,1
1120,1119,61,1
1120,1121,61,2
1120,1122,61,1
1121,1120,61,2
1122,1120,61,1
1123,1117,61,1
1124,1116,61,1
1148,1149,63,0
1148,1153,63,0
1149,1148,63,0
1149,1150,63,0
1150,1149,63,0
1150,1151,63,0
1150,1160,63,1
1151,1150,63,0
1151,1152,63,0
1151,1157,63,1
1152,1151,63,0
1152,1153,63,0
1153,1148,63,0
1153,1152,63,0
1153,1154,63,1
1154,1153,63,1
1154,1155,63,2
1154,1156,63,1
1155,1154,63,2
1156,1154,63,1
1157,1151,63,1
1157,1158,63,2
1157,1159,63,1
1158,1157,63,2
1159,1157,63,1
1159,1160,63,0
1159,1164,63,0
1160,1150,63,1
1160,1159,63,0
1160,1161,63,0
1161,1160,63,0
1161,1162,63,0
1162,1161,63,0
1162,1163,63,0
1163,1162,63,0
1163,1164,63,0
1163,1165,63,1
1164,1159,63,0
1164,1163,63,0
1165,1163,63,1
1165,1166,63,2
1165,1167,63,1
1166,1165,63,2
1167,1165,63,1
1168,1169,64,0
1168,1173,64,0
1169,1168,64,0
1169,1170,64,0
1170,1169,64,0
1170,1171,64,0
1171,1170,64,0
1171,1172,64,0
1171,1177,64,0
1172,1171,64,0
1172,1173,64,0
1172,1174,64,0
1173,1168,64,0
1173,1172,64,0
1174,1172,64,0
1174,1175,64,0
1175,1174,64,0
1175,1176,64,0
1175,1181,64,1
1176,1175,64,0
1176,1177,64,0
1177,1171,64,0
1177,1176,64,0
1177,1178,64,1
1178,1177,64,1
1178,1179,64,2
1178,1180,64,1
1179,1178,64,2
1180,1178,64,1
1181,1175,64,1
1181,1182,64,2
1181,1183,64,1
1182,1181,64,2
1183,1181,64,1
1184,1185,65,0
1184,1189,65,0
1185,1184,65,0
1185,1186,65,0
1186,1185,65,0
1186,1187,65,0
1186,1193,65,1
1187,1186,65,0
1187,1188,65,0
1188,1187,65,0
1188,1189,65,0
1188,1190,65,1
1189,1184,65,0
1189,1188,65,0
1190,1188,65,1
1190,1191,65,2
1190,1192,65,1
1191,1190,65,2
1192,1190,65,1
1193,1186,65,1
1193,1194,65,0
1193,1198,65,0
1194,1193,65,0
1194,1195,65,0
1195,1194,65,0
1195,1196,65,0
1196,1195,65,0
1196,1197,65,0
1196,1199,65,1
1197,1196,65,0
1197,1198,65,0
1198,1193,65,0
1198,1197,65,0
1199,1196,65,1
1200,1201,66,0
1200,1205,66,0
1201,1200,66,0
1201,1202,66,0
1202,1201,66,0
1202,1203,66,0
1203,1202,66,0
1203,1204,66,0
1203,1212,66,1
1204,1203,66,0
1204,1205,66,0
1204,1206,66,1
1205,1200,66,0
1205,1204,66,0
1206,1204,66,1
1206,1207,66,0
1206,1211,66,0
1207,1206,66,0
1207,1208,66,0
1208,1207,66,0
1208,1209,66,0
1209,1208,66,0
1209,1210,66,0
1210,1209,66,0
1210,1211,66,0
1210,1215,66,0
1211,1206,66,0
1211,1210,66,0
1211,1212,66,0
1212,1203,66,1
1212,1211,66,0
1212,1213,66,0
1213,1212,66,0
1213,1214,66,0
1213,1217,66,1
1214,1213,66,0
1214,1215,66,0
1214,1216,66,1
1215,1210,66,0
1215,1214,66,0
1216,1214,66,1
1217,1213,66,1
1217,1218,66,2
1217,1219,66,1
1218,1217,66,2
1219,1217,66,1
1243,1244,68,0
1243,1248,68,0
1244,1243,68,0
1244,1245,68,0
1245,1244,68,0
1245,1246,68,0
1245,1258,68,1
1246,1245,68,0
1246,1247,68,0
1246,1252,68,1
1247,1246,68,0
1247,1248,68,0
1247,1249,68,1
1248,1243,68,0
1248,1247,68,0
1249,1247,68,1
1249,1250,68,2
1249,1251,68,1
1250,1249,68,2
1251,1249,68,1
1252,1246,68,1
1252,1253,68,0
1252,1257,68,0
1253,1252,68,0
1253,1254,68,0
1254,1253,68,0
1254,1255,68,0
1255,1254,68,0
1255,1256,68,0
1255,1259,68,1
1256,1255,68,0
1256,1257,68,0
1257,1252,68,0
1257,1256,68,0
1257,1258,68,1
1258,1245,68,1
1258,1257,68,1
1259,1255,68,1
1259,1260,68,2
1259,1261,68,1
1260,1259,68,2
1261,1259,68,1
1276,1277,70,0
1276,1285,70,0
1277,1276,70,0
1277,1278,70,0
1278,1277,70,0
1278,1279,70,0
1278,1283,70,0
1279,1278,70,0
1279,1280,70,0
1280,1279,70,0
1280,1281,70,0
1281,1280,70,0
1281,1282,70,0
1281,1299,70,1
1282,1281,70,0
1282,1283,70,0
1282,1291,70,0
1283,1278,70,0
1283,1282,70,0
1283,1284,70,0
1284,1283,70,0
1284,1285,70,0
1284,1289,70,0
1285,1276,70,0
1285,1284,70,0
1285,1286,70,0
1286,1285,70,0
1286,1287,70,0
1287,1286,70,0
1287,1288,70,0
1288,1287,70,0
1288,1289,70,0
1288,1296,70,1
1289,1284,70,0
1289,1288,70,0
1289,1290,70,0
1290,1289,70,0
1290,1291,70,0
1290,1295,70,1
1291,1282,70,0
1291,1290,70,0
1291,1292,70,1
1292,1291,70,1
1292,1293,70,1
1293,1292,70,1
1293,1294,70,1
1294,1293,70,1
1294,1295,70,1
1295,1290,70,1
1295,1294,70,1
1296,1288,70,1
1296,1297,70,2
1296,1298,70,1
1297,1296,70,2
1298,1296,70,1
1299,1281,70,1
1299,1300,70,2
1299,1301,70,1
1300,1299,70,2
1301,1299,70,1
1302,1303,71,0
1302,1307,71,0
1303,1302,71,0
1303,1304,71,0
1304,1303,71,0
1304,1305,71,0
1305,1304,71,0
1305,1306,71,0
1305,1310,71,1
1306,1305,71,0
1306,1307,71,0
1306,1308,71,1
1307,1302,71,0
1307,1306,71,0
1308,1306,71,1
1308,1309,71,1
1309,1308,71,1
1309,1310,71,0
1309,1314,71,0
1310,1305,71,1
1310,1309,71,0
1310,1311,71,0
1311,1310,71,0
1311,1312,71,0
1312,1311,71,0
1312,1313,71,0
1313,1312,71,0
1313,1314,71,0
1313,1315,71,1
1314,1309,71,0
1314,1313,71,0
1315,1313,71,1
1315,1316,71,2
1315,1317,71,1
1316,1315,71,2
1317,1315,71,1
1318,1319,72,0
1318,1323,72,0
1319,1318,72,0
1319,1320,72,0
1320,1319,72,0
1320,1321,72,0
1321,1320,72,0
1321,1322,72,0
1321,1331,72,1
1322,1321,72,0
1322,1323,72,0
1322,1324,72,1
1323,1318,72,0
1323,1322,72,0
1324,1322,72,1
1324,1325,72,0
1324,1329,72,0
1325,1324,72,0
1325,1326,72,0
1326,1325,72,0
1326,1327,72,0
1327,1326,72,0
1327,1328,72,0
1328,1327,72,0
1328,1329,72,0
1328,1330,72,1
1329,1324,72,0
1329,1328,72,0
1330,1328,72,1
1331,1321,72,1
1331,1332,72,2
1331,1333,72,1
1332,1331,72,2
1333,1331,72,1
1357,1358,74,0
1357,1362,74,0
1358,1357,74,0
1358,1359,74,0
1359,1358,74,0
1359,1360,74,0
1359,1372,74,1
1360,1359,74,0
1360,1361,74,0
1361,1360,74,0
1361,1362,74,0
1362,1357,74,0
1362,1361,74,0
1362,1363,74,1
1363,1362,74,1
1363,1364,74,0
1363,1368,74,0
1364,1363,74,0
1364,1365,74,0
1365,1364,74,0
1365,1366,74,0
1366,1365,74,0
1366,1367,74,0
1366,1369,74,1
1367,1366,74,0
1367,1368,74,0
1368,1363,74,0
1368,1367,74,0
1369,1366,74,1
1369,1370,74,2
1369,1371,74,1
1370,1369,74,2
1371,1369,74,1
1372,1359,74,1
1372,1373,74,2
1372,1374,74,1
1373,1372,74,2
1374,1372,74,1
1385,1386,76,0
1385,1390,76,0
1386,1385,76,0
1386,1387,76,0
1387,1386,76,0
1387,1388,76,0
1388,1387,76,0
1388,1389,76,0
1388,1400,76,1
1389,1388,76,0
1389,1390,76,0
1389,1391,76,1
1390,1385,76,0
1390,1389,76,0
1391,1389,76,1
1391,1392,76,0
1391,1396,76,0
1392,1391,76,0
1392,1393,76,0
1393,1392,76,0
1393,1394,76,0
1394,1393,76,0
1394,1395,76,0
1395,1394,76,0
1395,1396,76,0
1395,1397,76,1
1396,1391,76,0
1396,1395,76,0
1397,1395,76,1
1397,1398,76,2
1397,1399,76,1
1398,1397,76,2
1399,1397,76,1
1400,1388,76,1
1417,1418,78,0
1417,1422,78,0
1418,1417,78,0
1418,1419,78,0
1419,1418,78,0
1419,1420,78,0
1420,1419,78,0
1420,1421,78,0
1420,1430,78,1
1421,1420,78,0
1421,1422,78,0
1421,1423,78,1
1422,1417,78,0
1422,1421,78,0
1423,1421,78,1
1423,1424,78,1
1424,1423,78,1
1424,1425,78,0
1424,1429,78,0
1425,1424,78,0
1425,1426,78,0
1426,1425,78,0
1426,1427,78,0
1427,1426,78,0
1427,1428,78,0
1427,1431,78,1
1428,1427,78,0
1428,1429,78,0
1429,1424,78,0
1429,1428,78,0
1429,1430,78,1
1430,1420,78,1
1430,1429,78,1
1431,1427,78,1
1431,1432,78,2
1431,1433,78,1
1432,1431,78,2
1433,1431,78,1
1434,1435,79,0
1434,1443,79,0
1435,1434,79,0
1435,1436,79,0
1436,1435,79,0
1436,1437,79,0
1436,1441,79,0
1437,1436,79,0
1437,1438,79,0
1438,1437,79,0
1438,1439,79,0
1439,1438,79,0
1439,1440,79,0
1440,1439,79,0
1440,1441,79,0
1440,1445,79,1
1441,1436,79,0
1441,1440,79,0
1441,1442,79,0
1442,1441,79,0
1442,1443,79,0
1442,1444,79,1
1443,1434,79,0
1443,1442,79,0
1444,1442,79,1
1444,1445,79,0
1444,1449,79,0
1445,1440,79,1
1445,1444,79,0
1445,1446,79,0
1446,1445,79,0
1446,1447,79,0
1446,1450,79,1
1447,1446,79,0
1447,1448,79,0
1448,1447,79,0
1448,1449,79,0
1449,1444,79,0
1449,1448,79,0
1450,1446,79,1
1450,1451,79,2
1450,1452,79,1
1451,1450,79,2
1452,1450,79,1
1453,1454,80,0
1453,1458,80,0
1454,1453,80,0
1454,1455,80,0
1455,1454,80,0
1455,1456,80,0
1455,1462,80,1
1456,1455,80,0
1456,1457,80,0
1457,1456,80,0
1457,1458,80,0
1457,1459,80,1
1458,1453,80,0
1458,1457,80,0
1459,1457,80,1
1459,1460,80,2
1459,1461,80,1
1460,1459,80,2
1461,1459,80,1
1462,1455,80,1
1462,1463,80,2
1462,1464,80,1
1463,1462,80,2
1464,1462,80,1
1465,1466,81,0
1465,1470,81,0
1466,1465,81,0
1466,1467,81,0
1467,1466,81,0
1467,1468,81,0
1468,1467,81,0
1468,1469,81,0
1468,1477,81,1
1469,1468,81,0
1469,1470,81,0
1469,1471,81,1
1470,1465,81,0
1470,1469,81,0
1471,1469,81,1
1471,1472,81,0
1471,1476,81,0
1472,1471,81,0
1472,1473,81,0
1473,1472,81,0
1473,1474,81,0
1474,1473,81,0
1474,1475,81,0
1474,1487,81,1
1475,1474,81,0
1475,1476,81,0
1475,1480,81,0
1476,1471,81,0
1476,1475,81,0
1476,1477,81,0
1477,1468,81,1
1477,1476,81,0
1477,1478,81,0
1478,1477,81,0
1478,1479,81,0
1478,1484,81,1
1479,1478,81,0
1479,1480,81,0
1479,1481,81,1
1480,1475,81,0
1480,1479,81,0
1481,1479,81,1
1481,1482,81,2
1481,1483,81,1
1482,1481,81,2
1483,1481,81,1
1484,1478,81,1
1484,1485,81,2
1484,1486,81,1
1485,1484,81,2
1486,1484,81,1
1487,1474,81,1
1487,1488,81,2
1487,1489,81,1
1488,1487,81,2
1489,1487,81,1
1490,1491,82,1
1490,1502,82,1
1491,1490,82,1
1491,1492,82,1
1492,1491,82,1
1492,1493,82,1
1493,1492,82,1
1493,1494,82,2
1493,1501,82,1
1494,1493,82,2
1494,1495,82,1
1495,1494,82,1
1495,1496,82,2
1495,1500,82,1
1496,1495,82,2
1496,1497,82,1
1497,1496,82,1
1497,1498,82,2
1497,1503,82,1
1498,1497,82,2
1498,1499,82,1
1499,1498,82,1
1499,1500,82,2
1500,1495,82,1
1500,1499,82,2
1500,1501,82,2
1501,1493,82,1
1501,1500,82,2
1501,1502,82,1
1502,1490,82,1
1502,1501,82,1
1503,1497,82,1
1503,1504,82,2
1503,1505,82,1
1504,1503,82,2
1505,1503,82,1
1517,1518,84,0
1517,1522,84,0
1518,1517,84,0
1518,1519,84,0
1519,1518,84,0
1519,1520,84,0
1520,1519,84,0
1520,1521,84,0
1520,1534,84,0
1521,1520,84,0
1521,1522,84,0
1521,1523,84,0
1522,1517,84,0
1522,1521,84,0
1523,1521,84,0
1523,1524,84,0
1524,1523,84,0
1524,1525,84,0
1524,1533,84,0
1525,1524,84,0
1525,1526,84,0
1525,1530,84,0
1526,1525,84,0
1526,1527,84,0
1527,1526,84,0
1527,1528,84,0
1528,1527,84,0
1528,1529,84,0
1529,1528,84,0
1529,1530,84,0
1530,1525,84,0
1530,1529,84,0
1530,1531,84,0
1531,1530,84,0
1531,1532,84,0
1532,1531,84,0
1532,1533,84,0
1532,1536,84,1
1533,1524,84,0
1533,1532,84,0
1533,1534,84,0
1534,1520,84,0
1534,1533,84,0
1534,1535,84,1
1535,1534,84,1
1535,1536,84,2
1536,1532,84,1
1536,1535,84,2
1536,1537,84,1
1537,1536,84,1
1537,1538,84,2
1537,1539,84,1
1538,1537,84,2
1539,1537,84,1
1579,1580,87,1
1580,1579,87,1
1580,1581,87,2
1580,1582,87,1
1581,1580,87,2
1582,1580,87,1
1582,1583,87,0
1582,1587,87,0
1583,1582,87,0
1583,1584,87,0
1584,1583,87,0
1584,1585,87,0
1585,1584,87,0
1585,1586,87,0
1585,1588,87,1
1586,1585,87,0
1586,1587,87,0
1587,1582,87,0
1587,1586,87,0
1588,1585,87,1
1588,1589,87,2
1588,1590,87,1
1589,1588,87,2
1590,1588,87,1
1591,1592,88,1
1592,1591,88,1
1592,1593,88,2
1592,1603,88,1
1593,1592,88,2
1593,1594,88,1
1593,1598,88,1
1594,1593,88,1
1594,1595,88,1
1594,1602,88,1
1595,1594,88,1
1595,1596,88,2
1596,1595,88,2
1596,1597,88,1
1597,1596,88,1
1597,1598,88,2
1598,1593,88,1
1598,1597,88,2
1598,1599,88,1
1599,1598,88,1
1599,1600,88,2
1599,1601,88,1
1600,1599,88,2
1601,1599,88,1
1602,1594,88,1
1602,1603,88,2
1603,1592,88,1
1603,1602,88,2
1604,1605,89,0
1604,1609,89,0
1605,1604,89,0
1605,1606,89,0
1606,1605,89,0
1606,1607,89,0
1607,1606,89,0
1607,1608,89,0
1607,1617,89,0
1608,1607,89,0
1608,1609,89,0
1608,1610,89,0
1609,1604,89,0
1609,1608,89,0
1610,1608,89,0
1610,1611,89,0
1610,1615,89,0
1611,1610,89,0
1611,1612,89,0
1612,1611,89,0
1612,1613,89,0
1613,1612,89,0
1613,1614,89,0
1614,1613,89,0
1614,1615,89,0
1614,1623,89,0
1615,1610,89,0
1615,1614,89,0
1615,1616,89,0
1616,1615,89,0
1616,1617,89,0
1616,1621,89,0
1617,1607,89,0
1617,1616,89,0
1617,1618,89,0
1618,1617,89,0
1618,1619,89,0
1618,1624,89,1
1619,1618,89,0
1619,1620,89,0
1620,1619,89,0
1620,1621,89,0
1621,1616,89,0
1621,1620,89,0
1621,1622,89,0
1622,1621,89,0
1622,1623,89,0
1623,1614,89,0
1623,1622,89,0
1624,1618,89,1
1624,1625,89,2
1624,1626,89,1
1625,1624,89,2
1626,1624,89,1
1627,1628,90,0
1627,1636,90,0
1628,1627,90,0
1628,1629,90,0
1629,1628,90,0
1629,1630,90,0
1629,1634,90,0
1630,1629,90,0
1630,1631,90,0
1630,1649,90,1
1631,1630,90,0
1631,1632,90,0
1631,1646,90,1
1632,1631,90,0
1632,1633,90,0
1633,1632,90,0
1633,1634,90,0
1633,1642,90,0
1634,1629,90,0
1634,1633,90,0
1634,1635,90,0
1635,1634,90,0
1635,1636,90,0
1635,1640,90,0
1636,1627,90,0
1636,1635,90,0
1636,1637,90,0
1637,1636,90,0
1637,1638,90,0
1638,1637,90,0
1638,1639,90,0
1639,1638,90,0
1639,1640,90,0
1639,1643,90,1
1640,1635,90,0
1640,1639,90,0
1640,1641,90,0
1641,1640,90,0
1641,1642,90,0
1642,1633,90,0
1642,1641,90,0
1643,1639,90,1
1643,1644,90,2
1643,1645,90,1
1644,1643,90,2
1645,1643,90,1
1646,1631,90,1
1646,1647,90,1
1646,1651,90,1
1647,1646,90,1
1647,1648,90,1
1647,1650,90,1
1648,1647,90,1
1648,1649,90,2
1649,1630,90,1
1649,1648,90,2
1650,1647,90,1
1651,1646,90,1
1652,1653,91,0
1652,1657,91,0
1653,1652,91,0
1653,1654,91,0
1654,1653,91,0
1654,1655,91,0
1654,1670,91,1
1655,1654,91,0
1655,1656,91,0
1655,1661,91,1
1656,1655,91,0
1656,1657,91,0
1656,1658,91,1
1657,1652,91,0
1657,1656,91,0
1658,1656,91,1
1658,1659,91,1
1659,1658,91,1
1659,1660,91,1
1660,1659,91,1
1660,1661,91,0
1660,1665,91,0
1661,1655,91,1
1661,1660,91,0
1661,1662,91,0
1662,1661,91,0
1662,1663,91,0
1662,1669,91,1
1663,1662,91,0
1663,1664,91,0
1664,1663,91,0
1664,1665,91,0
1664,1666,91,1
1665,1660,91,0
1665,1664,91,0
1666,1664,91,1
1666,1667,91,2
1666,1668,91,1
1667,1666,91,2
1668,1666,91,1
1669,1662,91,1
1669,1670,91,1
1670,1654,91,1
1670,1669,91,1
1671,1672,92,0
1671,1676,92,0
1672,1671,92,0
1672,1673,92,0
1673,1672,92,0
1673,1674,92,0
1674,1673,92,0
1674,1675,92,0
1674,1684,92,0
1675,1674,92,0
1675,1676,92,0
1675,1677,92,0
1676,1671,92,0
1676,1675,92,0
1677,1675,92,0
1677,1678,92,0
1677,1682,92,0
1678,1677,92,0
1678,1679,92,0
1679,1678,92,0
1679,1680,92,0
1680,1679,92,0
1680,1681,92,0
1681,1680,92,0
1681,1682,92,0
1681,1690,92,0
1682,1677,92,0
1682,1681,92,0
1682,1683,92,0
1683,1682,92,0
1683,1684,92,0
1683,1688,92,0
1684,1674,92,0
1684,1683,92,0
1684,1685,92,0
1685,1684,92,0
1685,1686,92,0
1686,1685,92,0
1686,1687,92,0
1687,1686,92,0
1687,1688,92,0
1687,1691,92,1
1688,1683,92,0
1688,1687,92,0
1688,1689,92,0
1689,1688,92,0
1689,1690,92,0
1690,1681,92,0
1690,1689,92,0
1691,1687,92,1
1691,1692,92,2
1691,1693,92,1
1692,1691,92,2
1693,1691,92,1
1694,1695,93,0
1694,1707,93,0
1695,1694,93,0
1695,1696,93,0
1696,1695,93,0
1696,1697,93,0
1696,1705,93,0
1697,1696,93,0
1697,1698,93,0
1698,1697,93,0
1698,1699,93,0
1699,1698,93,0
1699,1700,93,0
1699,1704,93,0
1700,1699,93,0
1700,1701,93,0
1701,1700,93,0
1701,1702,93,0
1702,1701,93,0
1702,1703,93,0
1703,1702,93,0
1703,1704,93,0
1703,1709,93,0
1704,1699,93,0
1704,1703,93,0
1704,1705,93,0
1705,1696,93,0
1705,1704,93,0
1705,1706,93,0
1706,1705,93,0
1706,1707,93,0
1706,1708,93,0
1707,1694,93,0
1707,1706,93,0
1708,1706,93,0
1708,1709,93,0
1709,1703,93,0
1709,1708,93,0
1709,1710,93,1
1710,1709,93,1
1710,1711,93,2
1710,1712,93,1
1711,1710,93,2
1712,1710,93,1
1713,1714,94,0
1713,1722,94,0
1714,1713,94,0
1714,1715,94,0
1715,1714,94,0
1715,1716,94,0
1715,1720,94,0
1716,1715,94,0
1716,1717,94,0
1717,1716,94,0
1717,1718,94,0
1717,1729,94,1
1718,1717,94,0
1718,1719,94,0
1718,1726,94,1
1719,1718,94,0
1719,1720,94,0
1720,1715,94,0
1720,1719,94,0
1720,1721,94,0
1721,1720,94,0
1721,1722,94,0
1721,1723,94,1
1722,1713,94,0
1722,1721,94,0
1723,1721,94,1
1723,1724,94,2
1723,1725,94,1
1724,1723,94,2
1725,1723,94,1
1726,1718,94,1
1726,1727,94,2
1726,1728,94,1
1727,1726,94,2
1728,1726,94,1
1729,1717,94,1
1729,1730,94,2
1729,1731,94,1
1730,1729,94,2
1731,1729,94,1
1732,1733,95,0
1732,1741,95,0
1733,1732,95,0
1733,1734,95,0
1734,1733,95,0
1734,1735,95,0
1734,1739,95,0
1735,1734,95,0
1735,1736,95,0
1735,1754,95,1
1736,1735,95,0
1736,1737,95,0
1737,1736,95,0
1737,1738,95,0
1737,1751,95,1
1738,1737,95,0
1738,1739,95,0
1738,1747,95,0
1739,1734,95,0
1739,1738,95,0
1739,1740,95,0
1740,1739,95,0
1740,1741,95,0
1740,1745,95,0
1741,1732,95,0
1741,1740,95,0
1741,1742,95,0
1742,1741,95,0
1742,1743,95,0
1743,1742,95,0
1743,1744,95,0
1744,1743,95,0
1744,1745,95,0
1744,1748,95,1
1745,1740,95,0
1745,1744,95,0
1745,1746,95,0
1746,1745,95,0
1746,1747,95,0
1747,1738,95,0
1747,1746,95,0
1748,1744,95,1
1748,1749,95,2
1748,1750,95,1
1749,1748,95,2
1750,1748,95,1
1751,1737,95,1
1751,1752,95,2
1751,1753,95,1
1752,1751,95,2
1753,1751,95,1
1754,1735,95,1
1754,1755,95,2
1754,1756,95,1
1755,1754,95,2
1756,1754,95,1
1757,1758,96,1
1758,1757,96,1
1758,1759,96,1
1759,1758,96,1
1759,1760,96,0
1759,1764,96,0
1760,1759,96,0
1760,1761,96,0
1761,1760,96,0
1761,1762,96,0
1762,1761,96,0
1762,1763,96,0
1762,1767,96,1
1763,1762,96,0
1763,1764,96,0
1763,1765,96,1
1764,1759,96,0
1764,1763,96,0
1765,1763,96,1
1765,1766,96,1
1766,1765,96,1
1766,1767,96,0
1766,1771,96,0
1767,1762,96,1
1767,1766,96,0
1767,1768,96,0
1768,1767,96,0
1768,1769,96,0
1769,1768,96,0
1769,1770,96,0
1770,1769,96,0
1770,1771,96,0
1770,1772,96,1
1771,1766,96,0
1771,1770,96,0
1772,1770,96,1
1772,1773,96,2
1772,1774,96,1
1773,1772,96,2
1774,1772,96,1
1775,1776,97,0
1775,1784,97,0
1776,1775,97,0
1776,1777,97,0
1777,1776,97,0
1777,1778,97,0
1777,1782,97,0
1778,1777,97,0
1778,1779,97,0
1779,1778,97,0
1779,1780,97,0
1780,1779,97,0
1780,1781,97,0
1781,1780,97,0
1781,1782,97,0
1782,1777,97,0
1782,1781,97,0
1782,1783,97,0
1783,1782,97,0
1783,1784,97,0
1783,1785,97,1
1784,1775,97,0
1784,1783,97,0
1785,1783,97,1
1785,1786,97,2
1785,1787,97,1
1786,1785,97,2
1787,1785,97,1
1788,1789,98,0
1788,1797,98,0
1789,1788,98,0
1789,1790,98,0
1790,1789,98,0
1790,1791,98,0
1790,1795,98,0
1791,1790,98,0
1791,1792,98,0
1792,1791,98,0
1792,1793,98,0
1793,1792,98,0
1793,1794,98,0
1794,1793,98,0
1794,1795,98,0
1794,1799,98,1
1795,1790,98,0
1795,1794,98,0
1795,1796,98,0
1796,1795,98,0
1796,1797,98,0
1796,1798,98,1
1797,1788,98,0
1797,1796,98,0
1798,1796,98,1
1798,1799,98,2
1799,1794,98,1
1799,1798,98,2
1799,1800,98,1
1800,1799,98,1
1800,1801,98,2
1800,1802,98,1
1801,1800,98,2
1802,1800,98,1
1803,1804,99,0
1803,1808,99,0
1804,1803,99,0
1804,1805,99,0
1805,1804,99,0
1805,1806,99,0
1805,1810,99,1
1806,1805,99,0
1806,1807,99,0
1807,1806,99,0
1807,1808,99,0
1807,1809,99,1
1808,1803,99,0
1808,1807,99,0
1809,1807,99,1
1810,1805,99,1
1810,1811,99,0
1810,1815,99,0
1811,1810,99,0
1811,1812,99,0
1812,1811,99,0
1812,1813,99,0
1813,1812,99,0
1813,1814,99,0
1814,1813,99,0
1814,1815,99,0
1814,1816,99,1
1815,1810,99,0
1815,1814,99,0
1816,1814,99,1
1816,1817,99,2
1816,1818,99,1
1817,1816,99,2
1818,1816,99,1
1819,1820,100,0
1819,1832,100,0
1820,1819,100,0
1820,1821,100,0
1821,1820,100,0
1821,1822,100,0
1821,1830,100,0
1822,1821,100,0
1822,1823,100,0
1823,1822,100,0
1823,1824,100,0
1824,1823,100,0
1824,1825,100,0
1824,1829,100,0
1825,1824,100,0
1825,1826,100,0
1825,1839,100,1
1826,1825,100,0
1826,1827,100,0
1827,1826,100,0
1827,1828,100,0
1828,1827,100,0
1828,1829,100,0
1828,1834,100,0
1829,1824,100,0
1829,1828,100,0
1829,1830,100,0
1830,1821,100,0
1830,1829,100,0
1830,1831,100,0
1831,1830,100,0
1831,1832,100,0
1831,1833,100,0
1832,1819,100,0
1832,1831,100,0
1833,1831,100,0
1833,1834,100,0
1833,1838,100,1
1834,1828,100,0
1834,1833,100,0
1834,1835,100,1
1835,1834,100,1
1835,1836,100,1
1836,1835,100,1
1836,1837,100,1
1837,1836,100,1
1837,1838,100,1
1838,1833,100,1
1838,1837,100,1
1839,1825,100,1
1839,1840,100,2
1839,1841,100,1
1840,1839,100,2
1841,1839,100,1
1868,1869,102,0
1868,1881,102,0
1869,1868,102,0
1869,1870,102,0
1870,1869,102,0
1870,1871,102,0
1870,1879,102,0
1871,1870,102,0
1871,1872,102,0
1872,1871,102,0
1872,1873,102,0
1873,1872,102,0
1873,1874,102,0
1873,1878,102,0
1874,1873,102,0
1874,1875,102,0
1875,1874,102,0
1875,1876,102,0
1875,1884,102,1
1876,1875,102,0
1876,1877,102,0
1877,1876,102,0
1877,1878,102,0
1877,1883,102,0
1878,1873,102,0
1878,1877,102,0
1878,1879,102,0
1879,1870,102,0
1879,1878,102,0
1879,1880,102,0
1880,1879,102,0
1880,1881,102,0
1880,1882,102,0
1881,1868,102,0
1881,1880,102,0
1882,1880,102,0
1882,1883,102,0
1883,1877,102,0
1883,1882,102,0
1884,1875,102,1
1884,1885,102,2
1884,1886,102,1
1885,1884,102,2
1886,1884,102,1
1887,1888,103,0
1887,1900,103,0
1888,1887,103,0
1888,1889,103,0
1889,1888,103,0
1889,1890,103,0
1889,1898,103,0
1890,1889,103,0
1890,1891,103,0
1891,1890,103,0
1891,1892,103,0
1892,1891,103,0
1892,1893,103,0
1892,1897,103,0
1893,1892,103,0
1893,1894,103,0
1894,1893,103,0
1894,1895,103,0
1895,1894,103,0
1895,1896,103,0
1895,1907,103,1
1896,1895,103,0
1896,1897,103,0
1896,1902,103,0
1897,1892,103,0
1897,1896,103,0
1897,1898,103,0
1898,1889,103,0
1898,1897,103,0
1898,1899,103,0
1899,1898,103,0
1899,1900,103,0
1899,1901,103,0
1900,1887,103,0
1900,1899,103,0
1901,1899,103,0
1901,1902,103,0
1901,1906,103,1
1902,1896,103,0
1902,1901,103,0
1902,1903,103,1
1903,1902,103,1
1903,1904,103,1
1904,1903,103,1
1904,1905,103,1
1905,1904,103,1
1905,1906,103,1
1906,1901,103,1
1906,1905,103,1
1907,1895,103,1
1907,1908,103,2
1907,1909,103,1
1908,1907,103,2
1909,1907,103,1
1910,1911,104,0
1910,1923,104,0
1911,1910,104,0
1911,1912,104,0
1912,1911,104,0
1912,1913,104,0
1912,1921,104,0
1913,1912,104,0
1913,1914,104,0
1914,1913,104,0
1914,1915,104,0
1914,1924,104,1
1915,1914,104,0
1915,1916,104,0
1915,1920,104,0
1916,1915,104,0
1916,1917,104,0
1917,1916,104,0
1917,1918,104,0
1918,1917,104,0
1918,1919,104,0
1919,1918,104,0
1919,1920,104,0
1920,1915,104,0
1920,1919,104,0
1920,1921,104,0
1921,1912,104,0
1921,1920,104,0
1921,1922,104,0
1922,1921,104,0
1922,1923,104,0
1923,1910,104,0
1923,1922,104,0
1924,1914,104,1
1924,1925,104,2
1924,1926,104,1
1925,1924,104,2
1926,1924,104,1
1947,1948,106,0
1947,1952,106,0
1948,1947,106,0
1948,1949,106,0
1949,1948,106,0
1949,1950,106,0
1950,1949,106,0
1950,1951,106,0
1950,1959,106,1
1951,1950,106,0
1951,1952,106,0
1951,1953,106,1
1952,1947,106,0
1952,1951,106,0
1953,1951,106,1
1953,1954,106,0
1953,1958,106,0
1954,1953,106,0
1954,1955,106,0
1955,1954,106,0
1955,1956,106,0
1955,1969,106,1
1956,1955,106,0
1956,1957,106,0
1957,1956,106,0
1957,1958,106,0
1957,1962,106,0
1958,1953,106,0
1958,1957,106,0
1958,1959,106,0
1959,1950,106,1
1959,1958,106,0
1959,1960,106,0
1960,1959,106,0
1960,1961,106,0
1961,1960,106,0
1961,1962,106,0
1961,1966,106,1
1962,1957,106,0
1962,1961,106,0
1962,1963,106,1
1963,1962,106,1
1963,1964,106,2
1963,1965,106,1
1964,1963,106,2
1965,1963,106,1
1966,1961,106,1
1966,1967,106,2
1966,1968,106,1
1967,1966,106,2
1968,1966,106,1
1969,1955,106,1
1969,1970,106,2
1969,1971,106,1
1970,1969,106,2
1971,1969,106,1
1972,1973,107,0
1972,1977,107,0
1973,1972,107,0
1973,1974,107,0
1974,1973,107,0
1974,1975,107,0
1975,1974,107,0
1975,1976,107,0
1975,1984,107,1
1976,1975,107,0
1976,1977,107,0
1976,1978,107,1
1977,1972,107,0
1977,1976,107,0
1978,1976,107,1
1978,1979,107,0
1978,1983,107,0
1979,1978,107,0
1979,1980,107,0
1980,1979,107,0
1980,1981,107,0
1981,1980,107,0
1981,1982,107,0
1982,1981,107,0
1982,1983,107,0
1982,1987,107,0
1983,1978,107,0
1983,1982,107,0
1983,1984,107,0
1984,1975,107,1
1984,1983,107,0
1984,1985,107,0
1985,1984,107,0
1985,1986,107,0
1986,1985,107,0
1986,1987,107,0
1987,1982,107,0
1987,1986,107,0
1987,1988,107,1
1988,1987,107,1
1988,1989,107,2
1988,1990,107,1
1989,1988,107,2
1990,1988,107,1
2043,2044,110,0
2043,2048,110,0
2044,2043,110,0
2044,2045,110,0
2045,2044,110,0
2045,2046,110,0
2045,2051,110,1
2046,2045,110,0
2046,2047,110,0
2047,2046,110,0
2047,2048,110,0
2048,2043,110,0
2048,2047,110,0
2048,2049,110,1
2049,2048,110,1
2049,2050,110,2
2050,2049,110,2
2051,2045,110,1
2051,2052,110,2
2051,2053,110,1
2052,2051,110,2
2053,2051,110,1
2054,2055,111,0
2054,2063,111,0
2055,2054,111,0
2055,2056,111,0
2056,2055,111,0
2056,2057,111,0
2056,2061,111,0
2057,2056,111,0
2057,2058,111,0
2058,2057,111,0
2058,2059,111,0
2059,2058,111,0
2059,2060,111,0
2059,2066,111,1
2060,2059,111,0
2060,2061,111,0
2060,2065,111,1
2061,2056,111,0
2061,2060,111,0
2061,2062,111,0
2062,2061,111,0
2062,2063,111,0
2062,2064,111,1
2063,2054,111,0
2063,2062,111,0
2064,2062,111,1
2064,2065,111,1
2065,2060,111,1
2065,2064,111,1
2066,2059,111,1
2066,2067,111,2
2066,2068,111,1
2067,2066,111,2
2068,2066,111,1
2069,2070,112,0
2069,2074,112,0
2070,2069,112,0
2070,2071,112,0
2071,2070,112,0
2071,2072,112,0
2071,2081,112,1
2072,2071,112,0
2072,2073,112,0
2072,2078,112,1
2073,2072,112,0
2073,2074,112,0
2074,2069,112,0
2074,2073,112,0
2074,2075,112,1
2075,2074,112,1
2075,2076,112,2
2075,2077,112,1
2076,2075,112,2
2077,2075,112,1
2078,2072,112,1
2078,2079,112,2
2078,2080,112,1
2079,2078,112,2
2080,2078,112,1
2081,2071,112,1
2082,2083,113,0
2082,2087,113,0
2083,2082,113,0
2083,2084,113,0
2084,2083,113,0
2084,2085,113,0
2085,2084,113,0
2085,2086,113,0
2085,2097,113,1
2086,2085,113,0
2086,2087,113,0
2086,2088,113,1
2087,2082,113,0
2087,2086,113,0
2088,2086,113,1
2088,2089,113,0
2088,2093,113,0
2089,2088,113,0
2089,2090,113,0
2090,2089,113,0
2090,2091,113,0
2091,2090,113,0
2091,2092,113,0
2091,2094,113,1
2092,2091,113,0
2092,2093,113,0
2093,2088,113,0
2093,2092,113,0
2094,2091,113,1
2094,2095,113,2
2094,2096,113,1
2095,2094,113,2
2096,2094,113,1
2097,2085,113,1
2098,2099,114,0
2098,2103,114,0
2099,2098,114,0
2099,2100,114,0
2100,2099,114,0
2100,2101,114,0
2100,2109,114,1
2101,2100,114,0
2101,2102,114,0
2101,2107,114,1
2102,2101,114,0
2102,2103,114,0
2103,2098,114,0
2103,2102,114,0
2103,2104,114,1
2104,2103,114,1
2104,2105,114,2
2104,2106,114,1
2105,2104,114,2
2106,2104,114,1
2107,2101,114,1
2107,2108,114,2
2108,2107,114,2
2108,2109,114,1
2109,2100,114,1
2109,2108,114,1
2110,2111,115,0
2110,2115,115,0
2111,2110,115,0
2111,2112,115,0
2112,2111,115,0
2112,2113,115,0
2112,2119,115,1
2113,2112,115,0
2113,2114,115,0
2114,2113,115,0
2114,2115,115,0
2115,2110,115,0
2115,2114,115,0
2115,2116,115,1
2116,2115,115,1
2116,2117,115,2
2116,2118,115,1
2117,2116,115,2
2118,2116,115,1
2119,2112,115,1
2120,2121,116,0
2120,2125,116,0
2121,2120,116,0
2121,2122,116,0
2122,2121,116,0
2122,2123,116,0
2122,2129,116,1
2123,2122,116,0
2123,2124,116,0
2124,2123,116,0
2124,2125,116,0
2124,2126,116,1
2125,2120,116,0
2125,2124,116,0
2126,2124,116,1
2126,2127,116,2
2126,2128,116,1
2127,2126,116,2
2128,2126,116,1
2129,2122,116,1
2129,2130,116,0
2129,2134,116,0
2130,2129,116,0
2130,2131,116,0
2131,2130,116,0
2131,2132,116,0
2132,2131,116,0
2132,2133,116,0
2132,2138,116,1
2133,2132,116,0
2133,2134,116,0
2134,2129,116,0
2134,2133,116,0
2134,2135,116,1
2135,2134,116,1
2135,2136,116,2
2135,2137,116,1
2136,2135,116,2
2137,2135,116,1
2138,2132,116,1
2138,2139,116,2
2138,2140,116,1
2139,2138,116,2
2140,2138,116,1
2141,2142,117,0
2141,2150,117,0
2142,2141,117,0
2142,2143,117,0
2143,2142,117,0
2143,2144,117,0
2143,2148,117,0
2144,2143,117,0
2144,2145,117,0
2144,2163,117,1
2145,2144,117,0
2145,2146,117,0
2145,2160,117,1
2146,2145,117,0
2146,2147,117,0
2147,2146,117,0
2147,2148,117,0
2147,2156,117,0
2148,2143,117,0
2148,2147,117,0
2148,2149,117,0
2149,2148,117,0
2149,2150,117,0
2149,2154,117,0
2150,2141,117,0
2150,2149,117,0
2150,2151,117,0
2151,2150,117,0
2151,2152,117,0
2152,2151,117,0
2152,2153,117,0
2153,2152,117,0
2153,2154,117,0
2153,2157,117,1
2154,2149,117,0
2154,2153,117,0
2154,2155,117,0
2155,2154,117,0
2155,2156,117,0
2156,2147,117,0
2156,2155,117,0
2157,2153,117,1
2157,2158,117,2
2157,2159,117,1
2158,2157,117,2
2159,2157,117,1
2160,2145,117,1
2160,2161,117,1
2161,2160,117,1
2161,2162,117,1
2162,2161,117,1
2162,2163,117,1
2163,2144,117,1
2163,2162,117,1
2164,2165,118,0
2164,2169,118,0
2165,2164,118,0
2165,2166,118,0
2166,2165,118,0
2166,2167,118,0
2167,2166,118,0
2167,2168,118,0
2167,2182,118,1
2168,2167,118,0
2168,2169,118,0
2168,2170,118,1
2169,2164,118,0
2169,2168,118,0
2170,2168,118,1
2170,2171,118,0
2170,2175,118,0
2171,2170,118,0
2171,2172,118,0
2172,2171,118,0
2172,2173,118,0
2173,2172,118,0
2173,2174,118,0
2173,2179,118,1
2174,2173,118,0
2174,2175,118,0
2175,2170,118,0
2175,2174,118,0
2175,2176,118,1
2176,2175,118,1
2176,2177,118,2
2176,2178,118,1
2177,2176,118,2
2178,2176,118,1
2179,2173,118,1
2179,2180,118,2
2179,2181,118,1
2180,2179,118,2
2181,2179,118,1
2182,2167,118,1
2182,2183,118,2
2182,2184,118,1
2183,2182,118,2
2184,2182,118,1
2185,2186,119,1
2186,2185,119,1
2186,2187,119,2
2186,2194,119,1
2187,2186,119,2
2187,2188,119,1
2187,2192,119,1
2188,2187,119,1
2188,2189,119,2
2189,2188,119,2
2189,2190,119,1
2190,2189,119,1
2190,2191,119,2
2190,2195,119,1
2191,2190,119,2
2191,2192,119,1
2192,2187,119,1
2192,2191,119,1
2192,2193,119,1
2193,2192,119,1
2193,2194,119,2
2194,2186,119,1
2194,2193,119,2
2195,2190,119,1
2195,2196,119,2
2195,2197,119,1
2196,2195,119,2
2197,2195,119,1
2198,2199,120,0
2198,2203,120,0
2199,2198,120,0
2199,2200,120,0
2200,2199,120,0
2200,2201,120,0
2201,2200,120,0
2201,2202,120,0
2201,2210,120,1
2202,2201,120,0
2202,2203,120,0
2202,2204,120,1
2203,2198,120,0
2203,2202,120,0
2204,2202,120,1
2204,2205,120,0
2204,2209,120,0
2205,2204,120,0
2205,2206,120,0
2206,2205,120,0
2206,2207,120,0
2206,2220,120,1
2207,2206,120,0
2207,2208,120,0
2208,2207,120,0
2208,2209,120,0
2208,2213,120,0
2209,2204,120,0
2209,2208,120,0
2209,2210,120,0
2210,2201,120,1
2210,2209,120,0
2210,2211,120,0
2211,2210,120,0
2211,2212,120,0
2211,2217,120,1
2212,2211,120,0
2212,2213,120,0
2212,2214,120,1
2213,2208,120,0
2213,2212,120,0
2214,2212,120,1
2214,2215,120,2
2214,2216,120,1
2215,2214,120,2
2216,2214,120,1
2217,2211,120,1
2217,2218,120,2
2217,2219,120,1
2218,2217,120,2
2219,2217,120,1
2220,2206,120,1
2220,2221,120,2
2220,2222,120,1
2221,2220,120,2
2222,2220,120,1
2223,2224,121,0
2223,2228,121,0
2224,2223,121,0
2224,2225,121,0
2225,2224,121,0
2225,2226,121,0
2226,2225,121,0
2226,2227,121,0
2226,2232,121,0
2227,2226,121,0
2227,2228,121,0
2227,2229,121,0
2228,2223,121,0
2228,2227,121,0
2229,2227,121,0
2229,2230,121,0
2230,2229,121,0
2230,2231,121,0
2231,2230,121,0
2231,2232,121,0
2231,2236,121,0
2232,2226,121,0
2232,2231,121,0
2232,2233,121,0
2233,2232,121,0
2233,2234,121,0
2234,2233,121,0
2234,2235,121,0
2234,2241,121,1
2235,2234,121,0
2235,2236,121,0
2235,2240,121,0
2236,2231,121,0
2236,2235,121,0
2236,2237,121,0
2237,2236,121,0
2237,2238,121,0
2238,2237,121,0
2238,2239,121,0
2239,2238,121,0
2239,2240,121,0
2240,2235,121,0
2240,2239,121,0
2241,2234,121,1
2241,2242,121,2
2241,2243,121,1
2242,2241,121,2
2243,2241,121,1
2244,2245,122,1
2245,2244,122,1
2245,2246,122,0
2245,2250,122,0
2246,2245,122,0
2246,2247,122,0
2247,2246,122,0
2247,2248,122,0
2248,2247,122,0
2248,2249,122,0
2249,2248,122,0
2249,2250,122,0
2250,2245,122,0
2250,2249,122,0
2250,2251,122,1
2251,2250,122,1
2251,2252,122,0
2251,2256,122,0
2252,2251,122,0
2252,2253,122,0
2253,2252,122,0
2253,2254,122,0
2254,2253,122,0
2254,2255,122,0
2254,2258,122,1
2255,2254,122,0
2255,2256,122,0
2255,2257,122,1
2256,2251,122,0
2256,2255,122,0
2257,2255,122,1
2258,2254,122,1
2258,2259,122,2
2258,2260,122,1
2259,2258,122,2
2260,2258,122,1
2261,2262,123,0
2261,2266,123,0
2262,2261,123,0
2262,2263,123,0
2263,2262,123,0
2263,2264,123,0
2263,2269,123,1
2264,2263,123,0
2264,2265,123,0
2264,2268,123,1
2265,2264,123,0
2265,2266,123,0
2266,2261,123,0
2266,2265,123,0
2266,2267,123,1
2267,2266,123,1
2268,2264,123,1
2269,2263,123,1
2269,2270,123,2
2269,2271,123,1
2270,2269,123,2
2271,2269,123,1
2272,2273,124,0
2272,2285,124,0
2273,2272,124,0
2273,2274,124,0
2274,2273,124,0
2274,2275,124,0
2274,2283,124,0
2275,2274,124,0
2275,2276,124,0
2276,2275,124,0
2276,2277,124,0
2277,2276,124,0
2277,2278,124,0
2277,2282,124,0
2278,2277,124,0
2278,2279,124,0
2279,2278,124,0
2279,2280,124,0
2279,2288,124,1
2280,2279,124,0
2280,2281,124,0
2281,2280,124,0
2281,2282,124,0
2281,2287,124,1
2282,2277,124,0
2282,2281,124,0
2282,2283,124,0
2283,2274,124,0
2283,2282,124,0
2283,2284,124,0
2284,2283,124,0
2284,2285,124,0
2284,2286,124,1
2285,2272,124,0
2285,2284,124,0
2286,2284,124,1
2286,2287,124,1
2287,2281,124,1
2287,2286,124,1
2288,2279,124,1
2288,2289,124,2
2288,2290,124,1
2289,2288,124,2
2290,2288,124,1
2291,2292,125,0
2291,2296,125,0
2292,2291,125,0
2292,2293,125,0
2293,2292,125,0
2293,2294,125,0
2293,2307,125,0
2294,2293,125,0
2294,2295,125,0
2294,2300,125,0
2295,2294,125,0
2295,2296,125,0
2295,2297,125,1
2296,2291,125,0
2296,2295,125,0
2297,2295,125,1
2297,2298,125,2
2297,2299,125,1
2298,2297,125,2
2299,2297,125,1
2300,2294,125,0
2300,2301,125,0
2301,2300,125,0
2301,2302,125,0
2301,2306,125,0
2302,2301,125,0
2302,2303,125,0
2303,2302,125,0
2303,2304,125,0
2304,2303,125,0
2304,2305,125,0
2304,2308,125,1
2305,2304,125,0
2305,2306,125,0
2306,2301,125,0
2306,2305,125,0
2306,2307,125,0
2307,2293,125,0
2307,2306,125,0
2308,2304,125,1
2308,2309,125,2
2308,2310,125,1
2309,2308,125,2
2310,2308,125,1
2332,2333,127,0
2332,2341,127,0
2333,2332,127,0
2333,2334,127,0
2334,2333,127,0
2334,2335,127,0
2334,2346,127,1
2335,2334,127,0
2335,2336,127,0
2335,2340,127,0
2336,2335,127,0
2336,2337,127,0
2336,2345,127,1
2337,2336,127,0
2337,2338,127,0
2338,2337,127,0
2338,2339,127,0
2339,2338,127,0
2339,2340,127,0
2339,2342,127,1
2340,2335,127,0
2340,2339,127,0
2340,2341,127,0
2341,2332,127,0
2341,2340,127,0
2342,2339,127,1
2342,2343,127,2
2342,2344,127,1
2343,2342,127,2
2344,2342,127,1
2345,2336,127,1
2345,2346,127,2
2346,2334,127,1
2346,2345,127,2
2347,2348,128,0
2347,2352,128,0
2348,2347,128,0
2348,2349,128,0
2349,2348,128,0
2349,2350,128,0
2349,2359,128,1
2350,2349,128,0
2350,2351,128,0
2350,2356,128,1
2351,2350,128,0
2351,2352,128,0
2352,2347,128,0
2352,2351,128,0
2352,2353,128,1
2353,2352,128,1
2353,2354,128,2
2353,2355,128,1
2354,2353,128,2
2355,2353,128,1
2356,2350,128,1
2356,2357,128,2
2356,2358,128,1
2357,2356,128,2
2358,2356,128,1
2359,2349,128,1
2359,2360,128,1
2360,2359,128,1
2372,2373,130,0
2372,2377,130,0
2373,2372,130,0
2373,2374,130,0
2374,2373,130,0
2374,2375,130,0
2375,2374,130,0
2375,2376,130,0
2375,2378,130,1
2376,2375,130,0
2376,2377,130,0
2377,2372,130,0
2377,2376,130,0
2378,2375,130,1
2378,2379,130,2
2379,2378,130,2
2379,2380,130,1
2380,2379,130,1
2380,2381,130,2
2380,2382,130,1
2381,2380,130,2
2382,2380,130,1
2382,2383,130,0
2382,2387,130,0
2383,2382,130,0
2383,2384,130,0
2384,2383,130,0
2384,2385,130,0
2385,2384,130,0
2385,2386,130,0
2385,2388,130,1
2386,2385,130,0
2386,2387,130,0
2387,2382,130,0
2387,2386,130,0
2388,2385,130,1
2388,2389,130,2
2388,2390,130,1
2389,2388,130,2
2390,2388,130,1
2391,2392,131,0
2391,2396,131,0
2392,2391,131,0
2392,2393,131,0
2393,2392,131,0
2393,2394,131,0
2394,2393,131,0
2394,2395,131,0
2394,2399,131,1
2395,2394,131,0
2395,2396,131,0
2395,2397,131,1
2396,2391,131,0
2396,2395,131,0
2397,2395,131,1
2397,2398,131,2
2398,2397,131,2
2399,2394,131,1
2399,2400,131,2
2399,2401,131,1
2400,2399,131,2
2401,2399,131,1
2402,2403,132,0
2402,2407,132,0
2403,2402,132,0
2403,2404,132,0
2403,2422,132,1
2404,2403,132,0
2404,2405,132,0
2404,2410,132,1
2405,2404,132,0
2405,2406,132,0
2406,2405,132,0
2406,2407,132,0
2406,2409,132,1
2407,2402,132,0
2407,2406,132,0
2407,2408,132,1
2408,2407,132,1
2409,2406,132,1
2410,2404,132,1
2410,2411,132,1
2411,2410,132,1
2411,2412,132,0
2411,2416,132,0
2412,2411,132,0
2412,2413,132,0
2412,2422,132,1
2413,2412,132,0
2413,2414,132,0
2414,2413,132,0
2414,2415,132,0
2414,2421,132,1
2415,2414,132,0
2415,2416,132,0
2415,2418,132,1
2416,2411,132,0
2416,2415,132,0
2416,2417,132,1
2417,2416,132,1
2418,2415,132,1
2418,2419,132,2
2418,2420,132,1
2419,2418,132,2
2420,2418,132,1
2421,2414,132,1
2422,2403,132,1
2422,2412,132,1
2423,2424,133,0
2423,2432,133,0
2424,2423,133,0
2424,2425,133,0
2425,2424,133,0
2425,2426,133,0
2425,2430,133,0
2426,2425,133,0
2426,2427,133,0
2427,2426,133,0
2427,2428,133,0
2427,2442,133,1
2428,2427,133,0
2428,2429,133,0
2429,2428,133,0
2429,2430,133,0
2429,2438,133,1
2430,2425,133,0
2430,2429,133,0
2430,2431,133,0
2431,2430,133,0
2431,2432,133,0
2431,2436,133,0
2432,2423,133,0
2432,2431,133,0
2432,2433,133,0
2433,2432,133,0
2433,2434,133,0
2434,2433,133,0
2434,2435,133,0
2434,2439,133,1
2435,2434,133,0
2435,2436,133,0
2436,2431,133,0
2436,2435,133,0
2436,2437,133,1
2437,2436,133,1
2437,2438,133,1
2438,2429,133,1
2438,2437,133,1
2439,2434,133,1
2439,2440,133,2
2439,2441,133,1
2440,2439,133,2
2441,2439,133,1
2442,2427,133,1
2442,2443,133,2
2442,2444,133,1
2443,2442,133,2
2444,2442,133,1
2476,2477,136,0
2476,2481,136,0
2477,2476,136,0
2477,2478,136,0
2478,2477,136,0
2478,2479,136,0
2479,2478,136,0
2479,2480,136,0
2479,2488,136,1
2480,2479,136,0
2480,2481,136,0
2480,2482,136,1
2481,2476,136,0
2481,2480,136,0
2482,2480,136,1
2482,2483,136,0
2482,2487,136,0
2483,2482,136,0
2483,2484,136,0
2484,2483,136,0
2484,2485,136,0
2485,2484,136,0
2485,2486,136,0
2486,2485,136,0
2486,2487,136,0
2486,2491,136,0
2487,2482,136,0
2487,2486,136,0
2487,2488,136,0
2488,2479,136,1
2488,2487,136,0
2488,2489,136,0
2489,2488,136,0
2489,2490,136,0
2490,2489,136,0
2490,2491,136,0
2490,2495,136,1
2491,2486,136,0
2491,2490,136,0
2491,2492,136,1
2492,2491,136,1
2492,2493,136,2
2492,2494,136,1
2493,2492,136,2
2494,2492,136,1
2495,2490,136,1
2495,2496,136,2
2495,2497,136,1
2496,2495,136,2
2497,2495,136,1
2498,2499,137,1
2499,2498,137,1
2499,2500,137,2
2499,2507,137,1
2500,2499,137,2
2500,2501,137,1
2501,2500,137,1
2501,2502,137,1
2501,2506,137,1
2502,2501,137,1
2502,2503,137,2
2503,2502,137,2
2503,2504,137,1
2503,2508,137,1
2504,2503,137,1
2504,2505,137,2
2505,2504,137,2
2505,2506,137,1
2506,2501,137,1
2506,2505,137,1
2506,2507,137,2
2507,2499,137,1
2507,2506,137,2
2508,2503,137,1
2508,2509,137,2
2508,2510,137,1
2509,2508,137,2
2510,2508,137,1
2511,2512,138,0
2511,2516,138,0
2512,2511,138,0
2512,2513,138,0
2513,2512,138,0
2513,2514,138,0
2513,2521,138,1
2514,2513,138,0
2514,2515,138,0
2514,2518,138,1
2515,2514,138,0
2515,2516,138,0
2516,2511,138,0
2516,2515,138,0
2516,2517,138,1
2517,2516,138,1
2518,2514,138,1
2518,2519,138,2
2518,2520,138,1
2519,2518,138,2
2520,2518,138,1
2521,2513,138,1
2538,2539,140,0
2538,2543,140,0
2539,2538,140,0
2539,2540,140,0
2540,2539,140,0
2540,2541,140,0
2540,2546,140,1
2541,2540,140,0
2541,2542,140,0
2541,2545,140,1
2542,2541,140,0
2542,2543,140,0
2542,2544,140,1
2543,2538,140,0
2543,2542,140,0
2544,2542,140,1
2545,2541,140,1
2546,2540,140,1
2546,2547,140,2
2546,2548,140,1
2547,2546,140,2
2548,2546,140,1
2549,2550,141,0
2549,2554,141,0
2550,2549,141,0
2550,2551,141,0
2550,2566,141,1
2551,2550,141,0
2551,2552,141,0
2551,2565,141,1
2552,2551,141,0
2552,2553,141,0
2553,2552,141,0
2553,2554,141,0
2553,2562,141,1
2554,2549,141,0
2554,2553,141,0
2554,2555,141,1
2555,2554,141,1
2555,2556,141,1
2556,2555,141,1
2556,2557,141,0
2556,2561,141,0
2557,2556,141,0
2557,2558,141,0
2558,2557,141,0
2558,2559,141,0
2558,2564,141,1
2559,2558,141,0
2559,2560,141,0
2559,2563,141,1
2560,2559,141,0
2560,2561,141,0
2561,2556,141,0
2561,2560,141,0
2561,2562,141,1
2562,2553,141,1
2562,2561,141,1
2563,2559,141,1
2564,2558,141,1
2565,2551,141,1
2566,2550,141,1
2566,2567,141,2
2566,2568,141,1
2567,2566,141,2
2568,2566,141,1
2569,2570,142,1
2570,2569,142,1
2570,2571,142,1
2571,2570,142,1
2571,2572,142,1
2572,2571,142,1
2572,2573,142,0
2572,2577,142,0
2573,2572,142,0
2573,2574,142,0
2574,2573,142,0
2574,2575,142,0
2575,2574,142,0
2575,2576,142,0
2576,2575,142,0
2576,2577,142,0
2577,2572,142,0
2577,2576,142,0
2577,2578,142,1
2578,2577,142,1
2578,2579,142,2
2578,2580,142,1
2579,2578,142,2
2580,2578,142,1
2581,2582,143,0
2581,2586,143,0
2582,2581,143,0
2582,2583,143,0
2583,2582,143,0
2583,2584,143,0
2583,2591,143,1
2584,2583,143,0
2584,2585,143,0
2584,2588,143,1
2585,2584,143,0
2585,2586,143,0
2586,2581,143,0
2586,2585,143,0
2586,2587,143,1
2587,2586,143,1
2588,2584,143,1
2588,2589,143,2
2588,2590,143,1
2589,2588,143,2
2590,2588,143,1
2591,2583,143,1
2592,2593,144,0
2592,2597,144,0
2593,2592,144,0
2593,2594,144,0
2594,2593,144,0
2594,2595,144,0
2594,2599,144,1
2595,2594,144,0
2595,2596,144,0
2596,2595,144,0
2596,2597,144,0
2596,2598,144,1
2597,2592,144,0
2597,2596,144,0
2598,2596,144,1
2599,2594,144,1
2599,2600,144,0
2599,2604,144,0
2600,2599,144,0
2600,2601,144,0
2601,2600,144,0
2601,2602,144,0
2602,2601,144,0
2602,2603,144,0
2602,2605,144,1
2603,2602,144,0
2603,2604,144,0
2604,2599,144,0
2604,2603,144,0
2605,2602,144,1
2605,2606,144,2
2605,2607,144,1
2606,2605,144,2
2607,2605,144,1
2608,2609,145,0
2608,2613,145,0
2609,2608,145,0
2609,2610,145,0
2610,2609,145,0
2610,2611,145,0
2610,2623,145,1
2611,2610,145,0
2611,2612,145,0
2612,2611,145,0
2612,2613,145,0
2613,2608,145,0
2613,2612,145,0
2613,2614,145,1
2614,2613,145,1
2614,2615,145,0
2614,2619,145,0
2615,2614,145,0
2615,2616,145,0
2616,2615,145,0
2616,2617,145,0
2617,2616,145,0
2617,2618,145,0
2617,2620,145,1
2618,2617,145,0
2618,2619,145,0
2619,2614,145,0
2619,2618,145,0
2620,2617,145,1
2620,2621,145,2
2620,2622,145,1
2621,2620,145,2
2622,2620,145,1
2623,2610,145,1
2624,2625,146,1
2625,2624,146,1
2625,2626,146,2
2625,2633,146,1
2626,2625,146,2
2626,2627,146,1
2627,2626,146,1
2627,2628,146,1
2627,2632,146,1
2628,2627,146,1
2628,2629,146,2
2629,2628,146,2
2629,2630,146,1
2629,2634,146,1
2630,2629,146,1
2630,2631,146,2
2631,2630,146,2
2631,2632,146,1
2632,2627,146,1
2632,2631,146,1
2632,2633,146,2
2633,2625,146,1
2633,2632,146,2
2634,2629,146,1
2634,2635,146,2
2634,2636,146,1
2635,2634,146,2
2636,2634,146,1
2637,2638,147,0
2637,2646,147,0
2638,2637,147,0
2638,2639,147,0
2639,2638,147,0
2639,2640,147,0
2639,2644,147,0
2640,2639,147,0
2640,2641,147,0
2641,2640,147,0
2641,2642,147,0
2642,2641,147,0
2642,2643,147,0
2642,2649,147,1
2643,2642,147,0
2643,2644,147,0
2643,2648,147,1
2644,2639,147,0
2644,2643,147,0
2644,2645,147,0
2645,2644,147,0
2645,2646,147,0
2645,2647,147,1
2646,2637,147,0
2646,2645,147,0
2647,2645,147,1
2647,2648,147,2
2648,2643,147,1
2648,2647,147,2
2649,2642,147,1
2649,2650,147,2
2649,2651,147,1
2650,2649,147,2
2651,2649,147,1
2652,2653,148,0
2652,2657,148,0
2653,2652,148,0
2653,2654,148,0
2654,2653,148,0
2654,2655,148,0
2654,2668,148,0
2655,2654,148,0
2655,2656,148,0
2655,2661,148,0
2656,2655,148,0
2656,2657,148,0
2657,2652,148,0
2657,2656,148,0
2657,2658,148,1
2658,2657,148,1
2658,2659,148,2
2658,2660,148,1
2659,2658,148,2
2660,2658,148,1
2661,2655,148,0
2661,2662,148,0
2662,2661,148,0
2662,2663,148,0
2662,2667,148,0
2663,2662,148,0
2663,2664,148,0
2664,2663,148,0
2664,2665,148,0
2665,2664,148,0
2665,2666,148,0
2665,2669,148,1
2666,2665,148,0
2666,2667,148,0
2667,2662,148,0
2667,2666,148,0
2667,2668,148,0
2668,2654,148,0
2668,2667,148,0
2669,2665,148,1
2669,2670,148,2
2669,2671,148,1
2670,2669,148,2
2671,2669,148,1
2672,2673,149,1
2673,2672,149,1
2673,2674,149,2
2673,2677,149,1
2674,2673,149,2
2674,2675,149,1
2675,2674,149,1
2675,2676,149,1
2676,2675,149,1
2676,2677,149,2
2676,2681,149,1
2677,2673,149,1
2677,2676,149,2
2677,2678,149,1
2678,2677,149,1
2678,2679,149,1
2679,2678,149,1
2679,2680,149,1
2680,2679,149,1
2681,2676,149,1
2681,2682,149,2
2681,2683,149,1
2682,2681,149,2
2683,2681,149,1
2696,2697,151,0
2696,2701,151,0
2697,2696,151,0
2697,2698,151,0
2698,2697,151,0
2698,2699,151,0
2699,2698,151,0
2699,2700,151,0
2699,2708,151,1
2700,2699,151,0
2700,2701,151,0
2700,2702,151,1
2701,2696,151,0
2701,2700,151,0
2702,2700,151,1
2702,2703,151,0
2702,2707,151,0
2703,2702,151,0
2703,2704,151,0
2704,2703,151,0
2704,2705,151,0
2704,2715,151,1
2705,2704,151,0
2705,2706,151,0
2706,2705,151,0
2706,2707,151,0
2706,2711,151,0
2707,2702,151,0
2707,2706,151,0
2707,2708,151,0
2708,2699,151,1
2708,2707,151,0
2708,2709,151,0
2709,2708,151,0
2709,2710,151,0
2710,2709,151,0
2710,2711,151,0
2710,2712,151,1
2711,2706,151,0
2711,2710,151,0
2712,2710,151,1
2712,2713,151,2
2712,2714,151,1
2713,2712,151,2
2714,2712,151,1
2715,2704,151,1
2715,2716,151,2
2715,2717,151,1
2716,2715,151,2
2717,2715,151,1
2718,2719,152,0
2718,2727,152,0
2719,2718,152,0
2719,2720,152,0
2720,2719,152,0
2720,2721,152,0
2720,2732,152,1
2721,2720,152,0
2721,2722,152,0
2721,2726,152,0
2722,2721,152,0
2722,2723,152,0
2722,2731,152,1
2723,2722,152,0
2723,2724,152,0
2724,2723,152,0
2724,2725,152,0
2725,2724,152,0
2725,2726,152,0
2725,2728,152,1
2726,2721,152,0
2726,2725,152,0
2726,2727,152,0
2727,2718,152,0
2727,2726,152,0
2728,2725,152,1
2728,2729,152,2
2728,2730,152,1
2729,2728,152,2
2730,2728,152,1
2731,2722,152,1
2731,2732,152,1
2732,2720,152,1
2732,2731,152,1
2759,2760,155,0
2759,2764,155,0
2760,2759,155,0
2760,2761,155,0
2761,2760,155,0
2761,2762,155,0
2761,2770,155,1
2762,2761,155,0
2762,2763,155,0
2762,2768,155,1
2763,2762,155,0
2763,2764,155,0
2764,2759,155,0
2764,2763,155,0
2764,2765,155,1
2765,2764,155,1
2765,2766,155,2
2765,2767,155,1
2766,2765,155,2
2767,2765,155,1
2768,2762,155,1
2768,2769,155,1
2769,2768,155,1
2769,2770,155,1
2770,2761,155,1
2770,2769,155,1
2771,2772,156,0
2771,2780,156,0
2772,2771,156,0
2772,2773,156,0
2773,2772,156,0
2773,2774,156,0
2773,2778,156,0
2774,2773,156,0
2774,2775,156,0
2774,2788,156,1
2775,2774,156,0
2775,2776,156,0
2776,2775,156,0
2776,2777,156,0
2777,2776,156,0
2777,2778,156,0
2777,2786,156,0
2778,2773,156,0
2778,2777,156,0
2778,2779,156,0
2779,2778,156,0
2779,2780,156,0
2779,2784,156,0
2780,2771,156,0
2780,2779,156,0
2780,2781,156,0
2781,2780,156,0
2781,2782,156,0
2782,2781,156,0
2782,2783,156,0
2783,2782,156,0
2783,2784,156,0
2783,2787,156,1
2784,2779,156,0
2784,2783,156,0
2784,2785,156,0
2785,2784,156,0
2785,2786,156,0
2786,2777,156,0
2786,2785,156,0
2787,2783,156,1
2788,2774,156,1
2788,2789,156,2
2788,2790,156,1
2789,2788,156,2
2790,2788,156,1
2811,2812,158,0
2811,2820,158,0
2812,2811,158,0
2812,2813,158,0
2813,2812,158,0
2813,2814,158,0
2813,2818,158,0
2814,2813,158,0
2814,2815,158,0
2815,2814,158,0
2815,2816,158,0
2816,2815,158,0
2816,2817,158,0
2816,2830,158,1
2817,2816,158,0
2817,2818,158,0
2817,2826,158,0
2818,2813,158,0
2818,2817,158,0
2818,2819,158,0
2819,2818,158,0
2819,2820,158,0
2819,2824,158,0
2820,2811,158,0
2820,2819,158,0
2820,2821,158,0
2821,2820,158,0
2821,2822,158,0
2822,2821,158,0
2822,2823,158,0
2823,2822,158,0
2823,2824,158,0
2823,2827,158,1
2824,2819,158,0
2824,2823,158,0
2824,2825,158,0
2825,2824,158,0
2825,2826,158,0
2826,2817,158,0
2826,2825,158,0
2827,2823,158,1
2827,2828,158,2
2827,2829,158,1
2828,2827,158,2
2829,2827,158,1
2830,2816,158,1
2831,2832,159,0
2831,2836,159,0
2832,2831,159,0
2832,2833,159,0
2832,2842,159,1
2833,2832,159,0
2833,2834,159,0
2834,2833,159,0
2834,2835,159,0
2834,2841,159,1
2835,2834,159,0
2835,2836,159,0
2835,2840,159,1
2836,2831,159,0
2836,2835,159,0
2836,2837,159,1
2837,2836,159,1
2837,2838,159,2
2837,2839,159,1
2838,2837,159,2
2839,2837,159,1
2840,2835,159,1
2841,2834,159,1
2842,2832,159,1
2842,2843,159,2
2842,2844,159,1
2843,2842,159,2
2844,2842,159,1
2871,2872,161,0
2871,2876,161,0
2872,2871,161,0
2872,2873,161,0
2873,2872,161,0
2873,2874,161,0
2873,2892,161,1
2874,2873,161,0
2874,2875,161,0
2874,2889,161,1
2875,2874,161,0
2875,2876,161,0
2876,2871,161,0
2876,2875,161,0
2876,2877,161,1
2877,2876,161,1
2877,2878,161,0
2877,2882,161,0
2878,2877,161,0
2878,2879,161,0
2879,2878,161,0
2879,2880,161,0
2880,2879,161,0
2880,2881,161,0
2880,2886,161,1
2881,2880,161,0
2881,2882,161,0
2881,2883,161,1
2882,2877,161,0
2882,2881,161,0
2883,2881,161,1
2883,2884,161,2
2883,2885,161,1
2884,2883,161,2
2885,2883,161,1
2886,2880,161,1
2886,2887,161,2
2886,2888,161,1
2887,2886,161,2
2888,2886,161,1
2889,2874,161,1
2889,2890,161,2
2889,2891,161,1
2890,2889,161,2
2891,2889,161,1
2892,2873,161,1
2892,2893,161,2
2892,2894,161,1
2893,2892,161,2
2894,2892,161,1
2895,2896,162,0
2895,2904,162,0
2896,2895,162,0
2896,2897,162,0
2897,2896,162,0
2897,2898,162,0
2897,2902,162,0
2898,2897,162,0
2898,2899,162,0
2899,2898,162,0
2899,2900,162,0
2899,2914,162,1
2900,2899,162,0
2900,2901,162,0
2901,2900,162,0
2901,2902,162,0
2901,2910,162,0
2902,2897,162,0
2902,2901,162,0
2902,2903,162,0
2903,2902,162,0
2903,2904,162,0
2903,2908,162,0
2904,2895,162,0
2904,2903,162,0
2904,2905,162,0
2905,2904,162,0
2905,2906,162,0
2906,2905,162,0
2906,2907,162,0
2906,2911,162,1
2907,2906,162,0
2907,2908,162,0
2908,2903,162,0
2908,2907,162,0
2908,2909,162,0
2909,2908,162,0
2909,2910,162,0
2910,2901,162,0
2910,2909,162,0
2911,2906,162,1
2911,2912,162,2
2911,2913,162,1
2912,2911,162,2
2913,2911,162,1
2914,2899,162,1
2914,2915,162,2
2914,2916,162,1
2915,2914,162,2
2916,2914,162,1
2917,2918,163,0
2917,2930,163,0
2918,2917,163,0
2918,2919,163,0
2919,2918,163,0
2919,2920,163,0
2919,2928,163,0
2920,2919,163,0
2920,2921,163,0
2921,2920,163,0
2921,2922,163,0
2922,2921,163,0
2922,2923,163,0
2922,2927,163,0
2923,2922,163,0
2923,2924,163,0
2923,2936,163,1
2924,2923,163,0
2924,2925,163,0
2925,2924,163,0
2925,2926,163,0
2925,2933,163,1
2926,2925,163,0
2926,2927,163,0
2926,2932,163,0
2927,2922,163,0
2927,2926,163,0
2927,2928,163,0
2928,2919,163,0
2928,2927,163,0
2928,2929,163,0
2929,2928,163,0
2929,2930,163,0
2929,2931,163,0
2930,2917,163,0
2930,2929,163,0
2931,2929,163,0
2931,2932,163,0
2932,2926,163,0
2932,2931,163,0
2933,2925,163,1
2933,2934,163,2
2933,2935,163,1
2934,2933,163,2
2935,2933,163,1
2936,2923,163,1
2936,2937,163,2
2936,2938,163,1
2937,2936,163,2
2938,2936,163,1
2939,2940,164,0
2939,2948,164,0
2940,2939,164,0
2940,2941,164,0
2941,2940,164,0
2941,2942,164,0
2941,2946,164,0
2942,2941,164,0
2942,2943,164,0
2943,2942,164,0
2943,2944,164,0
2944,2943,164,0
2944,2945,164,0
2945,2944,164,0
2945,2946,164,0
2945,2950,164,1
2946,2941,164,0
2946,2945,164,0
2946,2947,164,0
2947,2946,164,0
2947,2948,164,0
2947,2949,164,1
2948,2939,164,0
2948,2947,164,0
2949,2947,164,1
2949,2950,164,0
2949,2954,164,0
2950,2945,164,1
2950,2949,164,0
2950,2951,164,0
2951,2950,164,0
2951,2952,164,0
2952,2951,164,0
2952,2953,164,0
2952,2955,164,1
2953,2952,164,0
2953,2954,164,0
2954,2949,164,0
2954,2953,164,0
2955,2952,164,1
2955,2956,164,2
2955,2957,164,1
2956,2955,164,2
2957,2955,164,1
2958,2959,165,1
2959,2958,165,1
2959,2960,165,2
2959,2961,165,1
2960,2959,165,2
2961,2959,165,1
2961,2962,165,1
2962,2961,165,1
2962,2963,165,0
2962,2975,165,0
2963,2962,165,0
2963,2964,165,0
2964,2963,165,0
2964,2965,165,0
2964,2978,165,1
2965,2964,165,0
2965,2966,165,0
2965,2974,165,0
2966,2965,165,0
2966,2967,165,0
2967,2966,165,0
2967,2968,165,0
2968,2967,165,0
2968,2969,165,0
2968,2973,165,0
2969,2968,165,0
2969,2970,165,0
2970,2969,165,0
2970,2971,165,0
2971,2970,165,0
2971,2972,165,0
2972,2971,165,0
2972,2973,165,0
2972,2977,165,0
2973,2968,165,0
2973,2972,165,0
2973,2974,165,0
2974,2965,165,0
2974,2973,165,0
2974,2975,165,0
2975,2962,165,0
2975,2974,165,0
2975,2976,165,0
2976,2975,165,0
2976,2977,165,0
2977,2972,165,0
2977,2976,165,0
2978,2964,165,1
2978,2979,165,2
2978,2980,165,1
2979,2978,165,2
2980,2978,165,1
2981,2982,166,0
2981,2990,166,0
2982,2981,166,0
2982,2983,166,0
2983,2982,166,0
2983,2984,166,0
2983,2988,166,0
2984,2983,166,0
2984,2985,166,0
2984,3000,166,1
2985,2984,166,0
2985,2986,166,0
2986,2985,166,0
2986,2987,166,0
2987,2986,166,0
2987,2988,166,0
2987,2996,166,0
2988,2983,166,0
2988,2987,166,0
2988,2989,166,0
2989,2988,166,0
2989,2990,166,0
2989,2994,166,0
2990,2981,166,0
2990,2989,166,0
2990,2991,166,0
2991,2990,166,0
2991,2992,166,0
2992,2991,166,0
2992,2993,166,0
2993,2992,166,0
2993,2994,166,0
2993,2997,166,1
2994,2989,166,0
2994,2993,166,0
2994,2995,166,0
2995,2994,166,0
2995,2996,166,0
2996,2987,166,0
2996,2995,166,0
2997,2993,166,1
2997,2998,166,2
2997,2999,166,1
2998,2997,166,2
2999,2997,166,1
3000,2984,166,1
3000,3001,166,2
3000,3002,166,1
3001,3000,166,2
3002,3000,166,1
3003,3004,167,1
3004,3003,167,1
3004,3005,167,1
3005,3004,167,1
3005,3006,167,0
3005,3010,167,0
3006,3005,167,0
3006,3007,167,0
3007,3006,167,0
3007,3008,167,0
3008,3007,167,0
3008,3009,167,0
3008,3011,167,1
3009,3008,167,0
3009,3010,167,0
3010,3005,167,0
3010,3009,167,0
3011,3008,167,1
3011,3012,167,2
3011,3013,167,1
3012,3011,167,2
3013,3011,167,1
3014,3015,168,0
3014,3019,168,0
3015,3014,168,0
3015,3016,168,0
3016,3015,168,0
3016,3017,168,0
3016,3026,168,1
3017,3016,168,0
3017,3018,168,0
3017,3023,168,1
3018,3017,168,0
3018,3019,168,0
3019,3014,168,0
3019,3018,168,0
3019,3020,168,1
3020,3019,168,1
3020,3021,168,2
3020,3022,168,1
3021,3020,168,2
3022,3020,168,1
3023,3017,168,1
3023,3024,168,2
3023,3025,168,1
3024,3023,168,2
3025,3023,168,1
3026,3016,168,1
3027,3028,169,0
3027,3032,169,0
3028,3027,169,0
3028,3029,169,0
3029,3028,169,0
3029,3030,169,0
3030,3029,169,0
3030,3031,169,0
3030,3040,169,0
3031,3030,169,0
3031,3032,169,0
3031,3033,169,0
3032,3027,169,0
3032,3031,169,0
3033,3031,169,0
3033,3034,169,0
3034,3033,169,0
3034,3035,169,0
3034,3039,169,0
3035,3034,169,0
3035,3036,169,0
3036,3035,169,0
3036,3037,169,0
3037,3036,169,0
3037,3038,169,0
3038,3037,169,0
3038,3039,169,0
3038,3041,169,1
3039,3034,169,0
3039,3038,169,0
3039,3040,169,0
3040,3030,169,0
3040,3039,169,0
3041,3038,169,1
3041,3042,169,2
3041,3043,169,1
3042,3041,169,2
3043,3041,169,1
3068,3069,171,2
3068,3076,171,1
3069,3068,171,2
3069,3070,171,1
3070,3069,171,1
3070,3071,171,2
3070,3077,171,1
3071,3070,171,2
3071,3072,171,1
3072,3071,171,1
3072,3073,171,2
3072,3076,171,1
3073,3072,171,2
3073,3074,171,1
3074,3073,171,1
3074,3075,171,2
3075,3074,171,2
3075,3076,171,1
3076,3068,171,1
3076,3072,171,1
3076,3075,171,1
3077,3070,171,1
3077,3078,171,2
3077,3079,171,1
3078,3077,171,2
3079,3077,171,1
3080,3081,172,0
3080,3085,172,0
3081,3080,172,0
3081,3082,172,0
3082,3081,172,0
3082,3083,172,0
3082,3098,172,1
3083,3082,172,0
3083,3084,172,0
3084,3083,172,0
3084,3085,172,0
3085,3080,172,0
3085,3084,172,0
3085,3086,172,1
3086,3085,172,1
3086,3087,172,0
3086,3091,172,0
3087,3086,172,0
3087,3088,172,0
3088,3087,172,0
3088,3089,172,0
3089,3088,172,0
3089,3090,172,0
3089,3095,172,1
3090,3089,172,0
3090,3091,172,0
3090,3092,172,1
3091,3086,172,0
3091,3090,172,0
3092,3090,172,1
3092,3093,172,2
3092,3094,172,1
3093,3092,172,2
3094,3092,172,1
3095,3089,172,1
3095,3096,172,2
3095,3097,172,1
3096,3095,172,2
3097,3095,172,1
3098,3082,172,1
3098,3099,172,2
3098,3100,172,1
3099,3098,172,2
3100,3098,172,1
3123,3124,174,0
3123,3128,174,0
3124,3123,174,0
3124,3125,174,0
3124,3144,174,1
3125,3124,174,0
3125,3126,174,0
3125,3131,174,1
3126,3125,174,0
3126,3127,174,0
3127,3126,174,0
3127,3128,174,0
3127,3130,174,1
3128,3123,174,0
3128,3127,174,0
3128,3129,174,1
3129,3128,174,1
3130,3127,174,1
3131,3125,174,1
3131,3132,174,1
3132,3131,174,1
3132,3133,174,0
3132,3137,174,0
3133,3132,174,0
3133,3134,174,0
3133,3144,174,1
3134,3133,174,0
3134,3135,174,0
3134,3143,174,1
3135,3134,174,0
3135,3136,174,0
3135,3140,174,1
3136,3135,174,0
3136,3137,174,0
3136,3139,174,1
3137,3132,174,0
3137,3136,174,0
3137,3138,174,1
3138,3137,174,1
3139,3136,174,1
3140,3135,174,1
3140,3141,174,2
3140,3142,174,1
3141,3140,174,2
3142,3140,174,1
3143,3134,174,1
3144,3124,174,1
3144,3133,174,1
3145,3146,175,0
3145,3150,175,0
3146,3145,175,0
3146,3147,175,0
3147,3146,175,0
3147,3148,175,0
3147,3156,175,1
3148,3147,175,0
3148,3149,175,0
3148,3154,175,1
3149,3148,175,0
3149,3150,175,0
3150,3145,175,0
3150,3149,175,0
3150,3151,175,1
3151,3150,175,1
3151,3152,175,2
3151,3153,175,1
3152,3151,175,2
3153,3151,175,1
3154,3148,175,1
3154,3155,175,1
3155,3154,175,1
3155,3156,175,2
3156,3147,175,1
3156,3155,175,2
3157,3158,176,0
3157,3162,176,0
3158,3157,176,0
3158,3159,176,0
3159,3158,176,0
3159,3160,176,0
3159,3169,176,0
3160,3159,176,0
3160,3161,176,0
3160,3166,176,0
3161,3160,176,0
3161,3162,176,0
3161,3163,176,1
3162,3157,176,0
3162,3161,176,0
3163,3161,176,1
3163,3164,176,2
3163,3165,176,1
3164,3163,176,2
3165,3163,176,1
3166,3160,176,0
3166,3167,176,0
3167,3166,176,0
3167,3168,176,0
3167,3173,176,0
3168,3167,176,0
3168,3169,176,0
3168,3170,176,0
3169,3159,176,0
3169,3168,176,0
3170,3168,176,0
3170,3171,176,0
3171,3170,176,0
3171,3172,176,0
3172,3171,176,0
3172,3173,176,0
3173,3167,176,0
3173,3172,176,0
3173,3174,176,1
3174,3173,176,1
3174,3175,176,2
3174,3176,176,1
3175,3174,176,2
3176,3174,176,1
3177,3178,177,1
3178,3177,177,1
3178,3179,177,2
3178,3182,177,1
3179,3178,177,2
3179,3180,177,1
3180,3179,177,1
3180,3181,177,1
3180,3186,177,1
3181,3180,177,1
3181,3182,177,2
3181,3183,177,1
3182,3178,177,1
3182,3181,177,2
3183,3181,177,1
3183,3184,177,2
3184,3183,177,2
3184,3185,177,1
3185,3184,177,1
3185,3186,177,2
3186,3180,177,1
3186,3185,177,2
3186,3187,177,1
3187,3186,177,1
3187,3188,177,2
3187,3189,177,1
3188,3187,177,2
3189,3187,177,1
3190,3191,178,0
3190,3195,178,0
3191,3190,178,0
3191,3192,178,0
3192,3191,178,0
3192,3193,178,0
3192,3209,178,1
3193,3192,178,0
3193,3194,178,0
3194,3193,178,0
3194,3195,178,0
3195,3190,178,0
3195,3194,178,0
3195,3196,178,1
3196,3195,178,1
3196,3197,178,2
3197,3196,178,2
3197,3198,178,1
3198,3197,178,1
3198,3199,178,2
3198,3200,178,1
3199,3198,178,2
3200,3198,178,1
3200,3201,178,0
3200,3205,178,0
3201,3200,178,0
3201,3202,178,0
3202,3201,178,0
3202,3203,178,0
3203,3202,178,0
3203,3204,178,0
3203,3206,178,1
3204,3203,178,0
3204,3205,178,0
3205,3200,178,0
3205,3204,178,0
3206,3203,178,1
3206,3207,178,2
3206,3208,178,1
3207,3206,178,2
3208,3206,178,1
3209,3192,178,1
3209,3210,178,2
3209,3211,178,1
3210,3209,178,2
3211,3209,178,1
3212,3213,179,0
3212,3225,179,0
3213,3212,179,0
3213,3214,179,0
3214,3213,179,0
3214,3215,179,0
3214,3223,179,0
3215,3214,179,0
3215,3216,179,0
3216,3215,179,0
3216,3217,179,0
3217,3216,179,0
3217,3218,179,0
3217,3222,179,0
3218,3217,179,0
3218,3219,179,0
3218,3237,179,1
3219,3218,179,0
3219,3220,179,0
3220,3219,179,0
3220,3221,179,0
3221,3220,179,0
3221,3222,179,0
3221,3230,179,0
3222,3217,179,0
3222,3221,179,0
3222,3223,179,0
3223,3214,179,0
3223,3222,179,0
3223,3224,179,0
3224,3223,179,0
3224,3225,179,0
3224,3229,179,0
3225,3212,179,0
3225,3224,179,0
3225,3226,179,0
3226,3225,179,0
3226,3227,179,0
3227,3226,179,0
3227,3228,179,0
3228,3227,179,0
3228,3229,179,0
3228,3233,179,0
3229,3224,179,0
3229,3228,179,0
3229,3230,179,0
3230,3221,179,0
3230,3229,179,0
3230,3231,179,0
3231,3230,179,0
3231,3232,179,0
3231,3234,179,1
3232,3231,179,0
3232,3233,179,0
3233,3228,179,0
3233,3232,179,0
3234,3231,179,1
3234,3235,179,2
3234,3236,179,1
3235,3234,179,2
3236,3234,179,1
3237,3218,179,1
3237,3238,179,2
3237,3239,179,1
3238,3237,179,2
3239,3237,179,1
3240,3241,180,0
3240,3245,180,0
3241,3240,180,0
3241,3242,180,0
3242,3241,180,0
3242,3243,180,0
3242,3250,180,1
3243,3242,180,0
3243,3244,180,0
3243,3247,180,1
3244,3243,180,0
3244,3245,180,0
3245,3240,180,0
3245,3244,180,0
3245,3246,180,1
3246,3245,180,1
3247,3243,180,1
3247,3248,180,2
3247,3249,180,1
3248,3247,180,2
3249,3247,180,1
3250,3242,180,1
3251,3252,181,1
3252,3251,181,1
3252,3253,181,0
3252,3261,181,0
3253,3252,181,0
3253,3254,181,0
3254,3253,181,0
3254,3255,181,0
3255,3254,181,0
3255,3256,181,0
3255,3260,181,0
3256,3255,181,0
3256,3257,181,0
3257,3256,181,0
3257,3258,181,0
3258,3257,181,0
3258,3259,181,0
3259,3258,181,0
3259,3260,181,0
3259,3262,181,1
3260,3255,181,0
3260,3259,181,0
3260,3261,181,0
3261,3252,181,0
3261,3260,181,0
3262,3259,181,1
3262,3263,181,2
3262,3264,181,1
3263,3262,181,2
3264,3262,181,1
3265,3266,182,0
3265,3274,182,0
3266,3265,182,0
3266,3267,182,0
3267,3266,182,0
3267,3268,182,0
3267,3272,182,0
3268,3267,182,0
3268,3269,182,0
3269,3268,182,0
3269,3270,182,0
3270,3269,182,0
3270,3271,182,0
3270,3284,182,1
3271,3270,182,0
3271,3272,182,0
3271,3280,182,0
3272,3267,182,0
3272,3271,182,0
3272,3273,182,0
3273,3272,182,0
3273,3274,182,0
3273,3278,182,0
3274,3265,182,0
3274,3273,182,0
3274,3275,182,0
3275,3274,182,0
3275,3276,182,0
3276,3275,182,0
3276,3277,182,0
3277,3276,182,0
3277,3278,182,0
3277,3281,182,1
3278,3273,182,0
3278,3277,182,0
3278,3279,182,0
3279,3278,182,0
3279,3280,182,0
3280,3271,182,0
3280,3279,182,0
3281,3277,182,1
3281,3282,182,2
3281,3283,182,1
3282,3281,182,2
3283,3281,182,1
3284,3270,182,1
3284,3285,182,2
3284,3286,182,1
3285,3284,182,2
3286,3284,182,1
3287,3288,183,0
3287,3296,183,0
3288,3287,183,0
3288,3289,183,0
3289,3288,183,0
3289,3290,183,0
3289,3294,183,0
3290,3289,183,0
3290,3291,183,0
3290,3306,183,1
3291,3290,183,0
3291,3292,183,0
3292,3291,183,0
3292,3293,183,0
3293,3292,183,0
3293,3294,183,0
3293,3298,183,1
3294,3289,183,0
3294,3293,183,0
3294,3295,183,0
3295,3294,183,0
3295,3296,183,0
3295,3297,183,1
3296,3287,183,0
3296,3295,183,0
3297,3295,183,1
3297,3298,183,0
3297,3302,183,0
3298,3293,183,1
3298,3297,183,0
3298,3299,183,0
3299,3298,183,0
3299,3300,183,0
3300,3299,183,0
3300,3301,183,0
3301,3300,183,0
3301,3302,183,0
3302,3297,183,0
3302,3301,183,0
3302,3303,183,1
3303,3302,183,1
3303,3304,183,2
3303,3305,183,1
3304,3303,183,2
3305,3303,183,1
3306,3290,183,1
3306,3307,183,2
3306,3308,183,1
3307,3306,183,2
3308,3306,183,1
3309,3310,184,0
3309,3314,184,0
3310,3309,184,0
3310,3311,184,0
3311,3310,184,0
3311,3312,184,0
3311,3319,184,1
3312,3311,184,0
3312,3313,184,0
3312,3316,184,1
3313,3312,184,0
3313,3314,184,0
3314,3309,184,0
3314,3313,184,0
3314,3315,184,1
3315,3314,184,1
3316,3312,184,1
3316,3317,184,2
3316,3318,184,1
3317,3316,184,2
3318,3316,184,1
3319,3311,184,1
3319,3320,184,2
3319,3321,184,1
3320,3319,184,2
3321,3319,184,1
3322,3323,185,0
3322,3327,185,0
3323,3322,185,0
3323,3324,185,0
3324,3323,185,0
3324,3325,185,0
3324,3333,185,1
3325,3324,185,0
3325,3326,185,0
3325,3331,185,1
3326,3325,185,0
3326,3327,185,0
3327,3322,185,0
3327,3326,185,0
3327,3328,185,1
3328,3327,185,1
3328,3329,185,2
3328,3330,185,1
3329,3328,185,2
3330,3328,185,1
3331,3325,185,1
3331,3332,185,1
3332,3331,185,1
3332,3333,185,1
3333,3324,185,1
3333,3332,185,1
3334,3335,186,0
3334,3339,186,0
3335,3334,186,0
3335,3336,186,0
3336,3335,186,0
3336,3337,186,0
3337,3336,186,0
3337,3338,186,0
3337,3347,186,0
3338,3337,186,0
3338,3339,186,0
3338,3340,186,0
3339,3334,186,0
3339,3338,186,0
3340,3338,186,0
3340,3341,186,0
3340,3345,186,0
3341,3340,186,0
3341,3342,186,0
3342,3341,186,0
3342,3343,186,0
3343,3342,186,0
3343,3344,186,0
3344,3343,186,0
3344,3345,186,0
3345,3340,186,0
3345,3344,186,0
3345,3346,186,0
3346,3345,186,0
3346,3347,186,0
3346,3351,186,0
3347,3337,186,0
3347,3346,186,0
3347,3348,186,0
3348,3347,186,0
3348,3349,186,0
3349,3348,186,0
3349,3350,186,0
3350,3349,186,0
3350,3351,186,0
3350,3352,186,1
3351,3346,186,0
3351,3350,186,0
3352,3350,186,1
3352,3353,186,2
3352,3354,186,1
3353,3352,186,2
3354,3352,186,1
